Property Type,Location,BHK,Society Name,Furnishing,Bathrooms,Balconies,Facing Direction,Carpet Area,Floor Details,Rental Price,Tenant Preferred
flats,ahmedabad,3,,Unfurnished,3,3,PropertyThis,1000,9,"16,000",Bachelors
flats,ahmedabad,3,Name,Unfurnished,3,1,,1004,,"27,500",Bachelors
flats,ahmedabad,2,,Semi-Furnished,2,1,PropertyYou,,9,"17,000",Bachelors
flats,ahmedabad,3,,Semi-Furnished,3,1,PropertyIf,1500,4,"35,000",Bachelors
flats,ahmedabad,2,,Furnished,2,1,,1200,6,"15,000",Bachelors
flats,ahmedabad,2,,Unfurnished,2,1,,600,3,"13,500",Bachelors
flats,ahmedabad,2,,Semi-Furnished,2,,,1000,2,"8,500",Bachelors
flats,ahmedabad,3,,Furnished,3,1,PropertyIf,1805,5,"54,000",Bachelors
flats,ahmedabad,2,,Furnished,2,2,,1000,1,"30,000",Family
flats,ahmedabad,4,Name,Unfurnished,4,1,PropertyIf,2623,4,"54,000",Bachelors
flats,ahmedabad,3,,Semi-Furnished,2,1,,1039,7,"33,000",Family
flats,ahmedabad,3,Name,Furnished,3,1,,1291,,"30,000",Bachelors
flats,ahmedabad,3,,Furnished,2,1,PropertyGarden,1500,3,"20,000",Bachelors
flats,ahmedabad,2,Name,Furnished,2,,,105,3,"18,000",Bachelors
flats,ahmedabad,3,,Furnished,3,1,,2000,2,"48,000",Bachelors
flats,ahmedabad,1,Name,Semi-Furnished,1,2,,440,5,"15,000",Bachelors
flats,ahmedabad,3,,Semi-Furnished,2,1,,1250,7,"22,000",Bachelors
flats,ahmedabad,2,Name,Furnished,2,1,PropertyA,927,7,"20,000",Family
flats,ahmedabad,2,,Semi-Furnished,2,,,,4,"11,000",Bachelors
flats,ahmedabad,2,Name,Semi-Furnished,1,1,,520,1,"14,000",Bachelors
flats,ahmedabad,3,,Semi-Furnished,3,1,PropertyMultistorey,1709,2,"35,000",Bachelors
flats,ahmedabad,2,Name,Unfurnished,2,3,,1000,1,"15,000",Bachelors
flats,ahmedabad,2,Name,Unfurnished,2,2,,,1,"20,000",Bachelors
flats,ahmedabad,4,Name,Unfurnished,5,1,,3900,12,"45,000",Bachelors
flats,ahmedabad,2,,Furnished,2,1,,1245,6,"30,000",Bachelors
flats,ahmedabad,2,,Furnished,2,1,,1296,9,"30,000",Bachelors
flats,ahmedabad,2,Name,Furnished,2,1,,201,,"32,000",Bachelors
flats,ahmedabad,3,,Semi-Furnished,3,23,,1134,3,"30,000",Family
flats,ahmedabad,3,Name,Furnished,3,1,,1071,,"35,500",Family
flats,ahmedabad,2,,Unfurnished,2,3,PropertyThis,1200,4,"15,500",Bachelors
independent-house,ahmedabad,4,,Semi-Furnished,5,2,,3920,,"41,000",Bachelors
independent-house,ahmedabad,2,,Semi-Furnished,2,2,Propertyproperty,1200,,"16,000",Bachelors
independent-house,ahmedabad,1,,Semi-Furnished,1,1,,600,,"6,000",Bachelors
independent-house,ahmedabad,2,,Unfurnished,3,2,,169,,"8,500",Bachelors
independent-house,ahmedabad,4,,Unfurnished,4,,,3000,1,"45,000",Bachelors
independent-house,ahmedabad,3,,Semi-Furnished,4,1,,1000,,"14,500",Bachelors
independent-house,ahmedabad,2,,Unfurnished,3,2,,500,,"12,500",Bachelors
independent-house,ahmedabad,2,,Semi-Furnished,2,2,,1000,,"12,000",Bachelors
independent-house,ahmedabad,3,,Furnished,3,1,PropertyFully,700,1,"30,000",Bachelors
independent-house,ahmedabad,3,,Unfurnished,2,2,,1000,1,"15,000",Bachelors
independent-house,ahmedabad,2,,Semi-Furnished,2,1,,1500,,"20,000",Bachelors
independent-house,ahmedabad,3,,Unfurnished,3,1,PropertyYou,1200,1,"25,000",Bachelors
independent-house,ahmedabad,5,,Furnished,2,1,,120,2,"5,000",Bachelors
independent-house,ahmedabad,3,,Unfurnished,4,2,,2500,,"35,000",Bachelors
independent-house,ahmedabad,3,,Furnished,3,2,,1800,,"27,500",Bachelors
independent-house,ahmedabad,2,,Semi-Furnished,2,22,,3000,,"16,000",Bachelors
independent-house,ahmedabad,4,,Unfurnished,5,,,600,,"15,000",Bachelors
independent-house,ahmedabad,2,,Unfurnished,3,2,PropertyA,900,1,"15,000",Family
independent-house,ahmedabad,4,,Semi-Furnished,4,1,,150,,"28,000",Bachelors
independent-house,ahmedabad,3,,Furnished,3,2,PropertySituated,1200,,"36,000",Family
independent-house,ahmedabad,3,,Furnished,3,1,PropertyEast,,,"50,000",Family
independent-house,ahmedabad,1,,Furnished,1,,,600,1,"5,000",Bachelors
independent-house,ahmedabad,4,with full time security and equipped with amenities,Unfurnished,4,1,,,,"45,000",Bachelors
independent-house,ahmedabad,3,,Semi-Furnished,3,1,,1701,,"32,000",Family
independent-house,ahmedabad,3,,Unfurnished,4,,,,1,"18,000",Bachelors
independent-house,ahmedabad,6,,Furnished,6,3,PropertyDiscover,,,2,Bachelors
independent-house,ahmedabad,3,,Furnished,2,1,,1100,,"30,000",Bachelors
independent-house,ahmedabad,1,,Unfurnished,1,1,,170,1,"6,000",Bachelors
independent-house,ahmedabad,2,,Semi-Furnished,3,12,,673,,"30,000",Bachelors
independent-house,ahmedabad,2,,Semi-Furnished,3,,PropertyVilla,1750,,"80,000",Bachelors
villa,ahmedabad,4,,Semi-Furnished,5,2,,3920,,"41,000",Bachelors
villa,ahmedabad,3,,Semi-Furnished,4,1,,1000,,"14,500",Bachelors
villa,ahmedabad,2,,Unfurnished,3,2,,500,,"12,500",Bachelors
villa,ahmedabad,2,,Semi-Furnished,2,1,,1500,,"20,000",Bachelors
villa,ahmedabad,3,,Furnished,3,1,PropertyEast,,,"50,000",Family
villa,ahmedabad,4,with full time security and equipped with amenities,Unfurnished,4,1,,,,"45,000",Bachelors
villa,ahmedabad,6,,Furnished,6,3,PropertyDiscover,,,2,Bachelors
villa,ahmedabad,3,,Furnished,2,1,,1100,,"30,000",Bachelors
villa,ahmedabad,2,,Semi-Furnished,3,,PropertyVilla,1750,,"80,000",Bachelors
villa,ahmedabad,4,,Semi-Furnished,4,1,Property,1900,,"25,000",Bachelors
villa,ahmedabad,3,,Unfurnished,2,,,,,"15,000",Bachelors
villa,ahmedabad,4,,Semi-Furnished,5,2,,2800,,"18,000",Bachelors
villa,ahmedabad,3,,Unfurnished,3,2,,1300,,"16,000",Bachelors
villa,ahmedabad,3,,Semi-Furnished,3,,,2500,,"32,000",Bachelors
villa,ahmedabad,3,,Semi-Furnished,3,3,,176,,"36,000",Bachelors
villa,ahmedabad,2,,Semi-Furnished,3,1,,1800,,"65,000",Bachelors
villa,ahmedabad,3,,Unfurnished,3,2,,650,,"25,000",Bachelors
villa,ahmedabad,3,,Furnished,3,1,,1100,,"30,000",Bachelors
villa,ahmedabad,5,,Unfurnished,5,2,,,,1,Bachelors
villa,ahmedabad,4,,Semi-Furnished,4,2,,1700,,"13,000",Bachelors
villa,ahmedabad,3,,Furnished,3,,,1700,,"25,000",Bachelors
villa,ahmedabad,3,,Unfurnished,3,2,,1250,,"25,000",Bachelors
villa,ahmedabad,3,,Unfurnished,3,2,,1000,,"28,000",Bachelors
villa,ahmedabad,3,,Unfurnished,3,2,,1800,,"28,000",Family
villa,ahmedabad,3,,Furnished,3,1,,150,,"30,000",Bachelors
villa,ahmedabad,5,,Furnished,4,,,2500,,"50,000",Bachelors
villa,ahmedabad,3,,Unfurnished,4,4,,,,"45,000",Bachelors
villa,ahmedabad,2,,Semi-Furnished,3,,PropertySpacious,,,"12,000",Family
villa,ahmedabad,4,,Semi-Furnished,4,1,,1536,,"20,000",Bachelors
villa,ahmedabad,4,,Semi-Furnished,4,4,,2500,,"25,000",Bachelors
flats,bangalore,3,Name,Furnished,4,1,,1100,2,"75,000",Bachelors
flats,bangalore,3,,Furnished,3,2,,1500,7,"90,000",Bachelors
flats,bangalore,2,,Semi-Furnished,2,1,PropertyFind,1200,4,"26,000",Bachelors
flats,bangalore,3,,Semi-Furnished,3,3,PropertyVastuu,1755,6,"60,000",Family
flats,bangalore,3,,Semi-Furnished,2,,,1157,7,"28,000",Bachelors
flats,bangalore,3,,Semi-Furnished,3,23,,1300,22,"57,000",Bachelors
flats,bangalore,1,,Unfurnished,1,1,PropertyBuilder,500,2,"12,000",Bachelors
flats,bangalore,3,,Semi-Furnished,2,,,1278,8,"35,000",Bachelors
flats,bangalore,1,Name,Furnished,1,,,500,1,"18,000",Bachelors
flats,bangalore,3,,Unfurnished,2,1,,1150,7,"31,000",Bachelors
flats,bangalore,3,Name,Unfurnished,2,1,,1300,4,"25,000",Bachelors
flats,bangalore,3,,Semi-Furnished,3,,,1922,12,"70,000",Family
flats,bangalore,3,Name,Unfurnished,2,2,,1300,5,"18,000",Bachelors
flats,bangalore,3,,Furnished,2,1,PropertyYou,1235,3,"32,000",Bachelors
flats,bangalore,2,,Furnished,2,1,Property,949,9,75,Bachelors
flats,bangalore,2,,Semi-Furnished,2,12,,1267,7,"65,000",Bachelors
flats,bangalore,3,,Semi-Furnished,3,33,,2178,8,"62,000",Bachelors
flats,bangalore,2,,Unfurnished,2,1,PropertyCheck,950,13,"21,000",Bachelors
flats,bangalore,1,Name,Unfurnished,1,1,PropertyIf,650,2,"10,000",Bachelors
flats,bangalore,3,,Semi-Furnished,3,2,,1700,2,"60,000",Bachelors
flats,bangalore,3,Name,Semi-Furnished,2,,,1280,8,"35,000",Bachelors
flats,bangalore,3,,Semi-Furnished,3,2,PropertyA,1700,5,"63,000",Bachelors
flats,bangalore,2,,Semi-Furnished,2,,,1000,2,"16,000",Bachelors
flats,bangalore,2,,Semi-Furnished,2,,,1242,16,"45,000",Bachelors
flats,bangalore,2,,Semi-Furnished,2,2,,1259,4,"30,000",Bachelors
flats,bangalore,2,,Furnished,2,2,,1150,2,"45,000",Bachelors
flats,bangalore,1,,Semi-Furnished,1,,,600,1,"6,500",Bachelors
flats,bangalore,2,,Furnished,2,1,,1277,8,"40,000",Bachelors
flats,bangalore,1,,Unfurnished,1,,PropertyGround,350,,"6,500",Bachelors
flats,bangalore,2,,Unfurnished,2,,,1200,,"20,000",Bachelors
independent-house,bangalore,2,,Semi-Furnished,2,,,1200,,"18,000",Bachelors
independent-house,bangalore,2,,Semi-Furnished,2,1,,1100,,"25,000",Bachelors
independent-house,bangalore,2,,Semi-Furnished,2,1,,1100,,"18,000",Bachelors
independent-house,bangalore,2,,Semi-Furnished,2,1,,1000,1,"22,000",Bachelors
independent-house,bangalore,3,,Furnished,3,2,,600,1,"80,000",Bachelors
independent-house,bangalore,2,,Semi-Furnished,2,,PropertyA,1000,3,"46,000",Bachelors
independent-house,bangalore,4,,Furnished,3,3,,4000,,"75,000",Bachelors
independent-house,bangalore,3,,Furnished,3,,,1400,,1,Bachelors
independent-house,bangalore,3,,Semi-Furnished,3,,,4000,,"85,000",Bachelors
independent-house,bangalore,1,,Semi-Furnished,1,1,,600,,"6,500",Bachelors
independent-house,bangalore,7,,Semi-Furnished,10,,,5760,,1,Bachelors
independent-house,bangalore,1,,Semi-Furnished,1,,PropertyNear,600,2,"9,900",Bachelors
independent-house,bangalore,3,,Semi-Furnished,3,1,PropertyThis,1574,,"30,000",Bachelors
independent-house,bangalore,3,,Furnished,5,5,,6000,,1,Bachelors
independent-house,bangalore,3,,Semi-Furnished,3,2,,1100,2,"35,000",Bachelors
independent-house,bangalore,3,,Semi-Furnished,2,1,,1400,,"22,000",Bachelors
independent-house,bangalore,4,,Furnished,3,24,,3600,,1,Bachelors
independent-house,bangalore,4,,Furnished,4,3,Property,1800,,1,Bachelors
independent-house,bangalore,1,,Semi-Furnished,1,,,300,,"7,900",Bachelors
independent-house,bangalore,4,,Furnished,5,2,,3100,,1,Bachelors
independent-house,bangalore,2,,Semi-Furnished,1,,PropertyYou,1000,,"12,000",Bachelors
independent-house,bangalore,2,,Semi-Furnished,2,1,,1000,1,"28,000",Bachelors
independent-house,bangalore,4,,Semi-Furnished,4,4,,2100,1,"65,000",Bachelors
independent-house,bangalore,2,,Semi-Furnished,2,2,,1100,,"20,000",Family
independent-house,bangalore,2,,Semi-Furnished,2,,,850,,"20,000",Bachelors
independent-house,bangalore,5,,Semi-Furnished,5,,,5100,,"90,000",Bachelors
independent-house,bangalore,4,,Semi-Furnished,5,4,PropertyOpposite,2900,,"60,000",Bachelors
independent-house,bangalore,1,,Unfurnished,1,1,,800,1,"8,000",Bachelors
independent-house,bangalore,2,,Unfurnished,2,2,PropertyDon,950,2,"27,000",Bachelors
independent-house,bangalore,3,,Semi-Furnished,2,2,PropertyThis,900,,"25,000",Family
villa,bangalore,3,,Furnished,3,,,1400,,1,Bachelors
villa,bangalore,3,,Furnished,5,5,,6000,,1,Bachelors
villa,bangalore,4,,Furnished,3,24,,3600,,1,Bachelors
villa,bangalore,4,,Furnished,4,3,Property,1800,,1,Bachelors
villa,bangalore,4,,Furnished,5,2,,3100,,1,Bachelors
villa,bangalore,5,,Semi-Furnished,5,,,5100,,"90,000",Bachelors
villa,bangalore,4,,Semi-Furnished,5,4,PropertyOpposite,2900,,"60,000",Bachelors
villa,bangalore,5,,Furnished,6,6,PropertyThis,2400,,"45,000",Bachelors
villa,bangalore,3,,Unfurnished,3,3,,2550,,"46,000",Bachelors
villa,bangalore,3,,Semi-Furnished,3,1,west,2200,,"60,000",Family
villa,bangalore,3,,Furnished,3,2,orientation,2200,,1,Bachelors
villa,bangalore,4,,Furnished,5,,,3673,,1,Bachelors
villa,bangalore,5,,Furnished,5,4,property,5000,,2,Family
villa,bangalore,4,,Semi-Furnished,3,,,2200,,"27,000",Bachelors
villa,bangalore,4,,Semi-Furnished,4,3,PropertySet,2696,,"50,000",Bachelors
villa,bangalore,4,,Furnished,4,5,,4000,,2,Bachelors
villa,bangalore,4,,Semi-Furnished,4,3,,3700,,1,Bachelors
villa,bangalore,5,,Furnished,4,,,5500,,3,Bachelors
villa,bangalore,3,,Semi-Furnished,3,3,,1956,,"45,000",Bachelors
villa,bangalore,4,,Furnished,4,,,3600,,"90,000",Bachelors
villa,bangalore,5,,Furnished,5,1,,2400,,1,Bachelors
villa,bangalore,4,,Semi-Furnished,4,2,PropertyEast,2700,,"55,000",Bachelors
villa,bangalore,3,,Furnished,2,3,Property,2030,,"45,000",Family
villa,bangalore,3,,Semi-Furnished,3,2,views,2000,,"35,000",Family
villa,bangalore,4,,Semi-Furnished,4,3,vastu,2700,,"78,000",Family
villa,bangalore,3,,Semi-Furnished,3,1,PropertyThis,2500,,"60,000",Bachelors
villa,bangalore,3,,Unfurnished,3,2,PropertyVilla,1800,,"32,000",Bachelors
villa,bangalore,3,,Semi-Furnished,3,,,1750,,"50,000",Bachelors
villa,bangalore,4,,Semi-Furnished,4,2,PropertyNear,2305,,"75,000",Bachelors
villa,bangalore,4,,Semi-Furnished,4,5,,4200,,1,Bachelors
flats,chennai,1,Name,Furnished,1,1,PropertyA,730,1,"14,500",Bachelors
flats,chennai,2,Name,Unfurnished,2,2,PropertyGrab,888,5,"25,000",Bachelors
flats,chennai,2,,Furnished,2,3,,1200,8,"25,000",Bachelors
flats,chennai,2,Name,Furnished,3,2,PropertyMultistorey,1300,1,"45,000",Bachelors
flats,chennai,2,,Unfurnished,2,,,600,2,"12,000",Bachelors
flats,chennai,2,Name,Unfurnished,2,12,,806,1,"18,000",Bachelors
flats,chennai,2,Name,Furnished,2,2,PropertyNear,1000,1,"32,000",Bachelors
flats,chennai,2,,Semi-Furnished,2,1,PropertyFind,875,3,"16,000",Bachelors
flats,chennai,2,,Semi-Furnished,2,,,790,3,"10,500",Bachelors
flats,chennai,3,Name,Semi-Furnished,3,2,,2150,4,1,Bachelors
flats,chennai,4,,Furnished,4,1,PropertyOn,2000,4,"75,000",Bachelors
flats,chennai,2,,Semi-Furnished,2,,,600,,"16,500",Bachelors
flats,chennai,4,,Semi-Furnished,4,3,,2661,3,"90,000",Bachelors
flats,chennai,2,,Furnished,2,1,,900,1,"40,000",Bachelors
flats,chennai,3,Name,Semi-Furnished,2,2,PropertyNear,1050,1,"17,000",Bachelors
flats,chennai,3,,Semi-Furnished,3,1,,1749,17,"60,000",Family
flats,chennai,2,Name,Unfurnished,2,,,750,,"7,000",Bachelors
flats,chennai,,,Semi-Furnished,1,,,1000,1,"14,500",Bachelors
flats,chennai,3,,Semi-Furnished,3,1,,1690,21,1,Bachelors
flats,chennai,3,,Furnished,3,1,PropertyA,1800,3,"68,000",Bachelors
flats,chennai,2,,Semi-Furnished,2,1,,1200,17,"75,000",Bachelors
flats,chennai,3,,Semi-Furnished,2,,,1026,3,"20,000",Bachelors
flats,chennai,1,Name,Semi-Furnished,1,,,500,2,"17,000",Bachelors
flats,chennai,4,Name,Furnished,4,5,,3500,2,2,Bachelors
flats,chennai,3,,Unfurnished,3,1,,1300,1,"35,000",Family
flats,chennai,2,Name,Semi-Furnished,2,1,PropertyMost,900,3,"25,000",Family
flats,chennai,2,Name,Semi-Furnished,2,1,,950,,"15,000",Bachelors
flats,chennai,2,Name,Semi-Furnished,2,1,PropertyEast,810,,"12,500",Family
flats,chennai,2,Name,Unfurnished,2,22,,1035,3,"22,000",Bachelors
flats,chennai,3,Name,Semi-Furnished,2,2,,1750,3,"65,000",Bachelors
independent-house,chennai,1,,Unfurnished,1,1,,100,,"3,500",Bachelors
independent-house,chennai,2,,Unfurnished,2,,,1200,1,"20,000",Bachelors
independent-house,chennai,2,,Semi-Furnished,2,,PropertyNear,900,,"16,000",Bachelors
independent-house,chennai,2,,Semi-Furnished,2,,Property,750,,"7,500",Bachelors
independent-house,chennai,2,,Unfurnished,2,1,,1200,2,"29,500",Bachelors
independent-house,chennai,2,,Unfurnished,2,3,,900,1,"28,000",Bachelors
independent-house,chennai,1,,Unfurnished,1,,,500,,"7,300",Family
independent-house,chennai,1,,Semi-Furnished,1,1,PropertyThis,400,,"6,500",Bachelors
independent-house,chennai,1,,Furnished,1,,,450,,"10,000",Bachelors
independent-house,chennai,3,,Furnished,4,1,and,2400,,"75,000",Family
independent-house,chennai,2,,Unfurnished,2,,,800,,"13,000",Bachelors
independent-house,chennai,2,,Unfurnished,2,,PropertyThis,1100,,"10,000",Bachelors
independent-house,chennai,2,,Unfurnished,2,,PropertyNear,680,2,"25,000",Bachelors
independent-house,chennai,2,,Semi-Furnished,2,,,900,1,"28,000",Bachelors
independent-house,chennai,3,,Semi-Furnished,2,,,1600,,"30,000",Bachelors
independent-house,chennai,5,,Semi-Furnished,6,3,,5924,,2,Bachelors
independent-house,chennai,3,,Semi-Furnished,3,,,1400,,"60,000",Bachelors
independent-house,chennai,3,,Unfurnished,3,,,1600,,"28,000",Bachelors
independent-house,chennai,2,,Unfurnished,2,2,,1100,1,"30,000",Bachelors
independent-house,chennai,1,,Unfurnished,1,,,600,,"6,000",Bachelors
independent-house,chennai,2,,Unfurnished,3,,PropertyNear,1250,,"25,000",Bachelors
independent-house,chennai,5,,Semi-Furnished,2,1,orientation,3400,,"40,000",Bachelors
independent-house,chennai,2,,Unfurnished,2,,,800,,"18,000",Bachelors
independent-house,chennai,2,,Semi-Furnished,2,,,1100,,"29,500",Bachelors
independent-house,chennai,2,,Semi-Furnished,2,1,,200,1,"15,000",Bachelors
independent-house,chennai,2,,Unfurnished,2,,,900,,"8,500",Bachelors
independent-house,chennai,2,,Semi-Furnished,1,,,600,,"10,000",Bachelors
independent-house,chennai,1,,Unfurnished,1,1,,570,,"9,500",Bachelors
independent-house,chennai,6,,Unfurnished,7,3,PropertyVilla,1400,,1,Bachelors
independent-house,chennai,1,,Semi-Furnished,1,,PropertyThis,520,2,"9,500",Bachelors
villa,chennai,3,,Furnished,4,1,and,2400,,"75,000",Family
villa,chennai,5,,Semi-Furnished,6,3,,5924,,2,Bachelors
villa,chennai,2,,Unfurnished,3,,PropertyNear,1250,,"25,000",Bachelors
villa,chennai,5,,Semi-Furnished,2,1,orientation,3400,,"40,000",Bachelors
villa,chennai,6,,Unfurnished,7,3,PropertyVilla,1400,,1,Bachelors
villa,chennai,4,,Semi-Furnished,4,1,,2500,,"55,000",Bachelors
villa,chennai,2,,Semi-Furnished,2,1,PropertyVilla,1000,,"18,000",Bachelors
villa,chennai,4,,Unfurnished,4,3,,3700,,1,Family
villa,chennai,5,,Unfurnished,5,4,,2000,,"40,000",Bachelors
villa,chennai,1,,Unfurnished,1,1,Propertyonly,300,,"5,000",Bachelors
villa,chennai,4,,Semi-Furnished,3,2,,2400,,"45,000",Bachelors
villa,chennai,3,,Semi-Furnished,3,1,,2000,,"25,000",Bachelors
villa,chennai,3,,Semi-Furnished,4,1,,2160,,"25,000",Family
villa,chennai,3,,Semi-Furnished,3,3,,1950,,"20,000",Family
villa,chennai,2,,Semi-Furnished,2,1,,1020,,"13,900",Bachelors
villa,chennai,3,,Semi-Furnished,3,1,,1256,,"22,000",Bachelors
villa,chennai,2,,Furnished,3,2,,2500,,"80,000",Bachelors
villa,chennai,3,,Semi-Furnished,2,2,for,1700,,"45,000",Bachelors
villa,chennai,2,,Unfurnished,2,,,580,,"13,000",Bachelors
villa,chennai,3,,Semi-Furnished,3,1,,1893,,"42,000",Bachelors
villa,chennai,3,,Semi-Furnished,3,2,,1200,,"40,000",Bachelors
villa,chennai,3,,Unfurnished,3,3,PropertyAnnaya,1035,,"19,000",Bachelors
villa,chennai,4,,Unfurnished,4,1,,1500,,"35,000",Bachelors
villa,chennai,3,,Furnished,3,2,,1800,,"25,000",Bachelors
villa,chennai,3,,Furnished,4,4,PropertyNear,2800,,"45,000",Bachelors
villa,chennai,2,,Unfurnished,2,1,,800,,"14,000",Bachelors
villa,chennai,2,,Furnished,3,1,,650,,"15,000",Bachelors
villa,chennai,3,,Unfurnished,3,2,,2250,,"53,000",Bachelors
villa,chennai,2,,Furnished,2,1,,1100,,"27,000",Bachelors
villa,chennai,3,,Semi-Furnished,3,1,PropertyNear,2000,,"49,000",Family
flats,gurgaon,1,Name,Furnished,1,,Property,200,2,"12,000",Bachelors
flats,gurgaon,1,Name,Furnished,1,,,500,4,"15,000",Bachelors
flats,gurgaon,2,,Semi-Furnished,2,1,,825,5,"25,000",Bachelors
flats,gurgaon,3,,Furnished,2,2,PropertyNear,1700,1,"55,000",Bachelors
flats,gurgaon,2,,Unfurnished,2,4,,1000,17,"20,000",Bachelors
flats,gurgaon,5,,Semi-Furnished,5,1,,1800,1,"35,000",Bachelors
flats,gurgaon,2,Name,Semi-Furnished,2,1,,520,1,"18,000",Bachelors
flats,gurgaon,1,,Furnished,2,11,etc,444,3,"24,000",Bachelors
flats,gurgaon,3,,Semi-Furnished,2,33,,1081,3,"20,000",Bachelors
flats,gurgaon,1,,Furnished,1,2,PropertyIf,500,3,"35,000",Bachelors
flats,gurgaon,,,Unfurnished,1,,,300,1,"25,000",Bachelors
flats,gurgaon,,,Unfurnished,1,1,,250,,"7,500",Bachelors
flats,gurgaon,2,,Semi-Furnished,2,2,,613,10,"25,000",Bachelors
flats,gurgaon,4,,Semi-Furnished,4,3,,2000,2,1,Bachelors
flats,gurgaon,1,,Furnished,1,1,,300,2,"9,500",Bachelors
flats,gurgaon,3,,Unfurnished,3,3,,1650,2,"55,000",Bachelors
flats,gurgaon,4,Name,Furnished,4,3,,1800,1,"85,000",Bachelors
flats,gurgaon,3,,Furnished,3,1,,1929,18,"60,000",Bachelors
flats,gurgaon,3,,Furnished,3,2,,2400,,"84,000",Bachelors
flats,gurgaon,4,,Semi-Furnished,4,4,,1900,1,"55,000",Bachelors
flats,gurgaon,2,,Unfurnished,2,2,PropertyMultistorey,554,7,"13,000",Bachelors
flats,gurgaon,1,,Furnished,1,10,,,4,"30,000",Bachelors
flats,gurgaon,3,,Semi-Furnished,4,4,,1800,6,"66,000",Bachelors
flats,gurgaon,,,Furnished,1,1,,1100,2,"19,000",Bachelors
flats,gurgaon,4,,Semi-Furnished,4,4,PropertyFind,2700,15,1,Bachelors
flats,gurgaon,,,Furnished,1,1,,300,2,"11,500",Bachelors
flats,gurgaon,3,,Semi-Furnished,3,3,PropertyGrab,1625,27,"75,000",Bachelors
flats,gurgaon,4,Name,Unfurnished,4,3,,2450,2,"95,000",Bachelors
flats,gurgaon,4,,Furnished,5,2,PropertyA,3500,3,1,Family
flats,gurgaon,4,,Semi-Furnished,5,3,,,4,2,Family
independent-house,gurgaon,3,,Semi-Furnished,3,2,,1600,3,"60,000",Bachelors
independent-house,gurgaon,2,,Unfurnished,2,,,,,"15,000",Bachelors
independent-house,gurgaon,3,,Semi-Furnished,3,2,PropertyThis,1725,4,"90,000",Bachelors
independent-house,gurgaon,2,,Semi-Furnished,1,1,,750,,"13,000",Bachelors
independent-house,gurgaon,2,,Semi-Furnished,2,,,900,,"17,000",Bachelors
independent-house,gurgaon,3,,Semi-Furnished,3,2,,1800,1,"95,000",Family
independent-house,gurgaon,6,,Semi-Furnished,4,4,,,,2,Bachelors
independent-house,gurgaon,3,,Semi-Furnished,3,3,PropertyThis,1800,,"43,000",Family
independent-house,gurgaon,1,,Furnished,1,,,250,,"11,000",Bachelors
independent-house,gurgaon,1,,Unfurnished,2,1,,900,,"15,500",Bachelors
independent-house,gurgaon,4,,Semi-Furnished,3,3,,,,"51,000",Bachelors
independent-house,gurgaon,1,,Semi-Furnished,1,,,360,,"5,500",Bachelors
independent-house,gurgaon,1,,Furnished,1,,,500,,"14,000",Bachelors
independent-house,gurgaon,1,,Unfurnished,1,,,600,1,"7,000",Bachelors
independent-house,gurgaon,3,,Semi-Furnished,2,2,,1350,,"35,000",Bachelors
independent-house,gurgaon,1,,Furnished,1,,PropertyThis,400,,"18,000",Bachelors
independent-house,gurgaon,2,,Furnished,1,11,,250,,"15,000",Bachelors
independent-house,gurgaon,2,,Unfurnished,2,1,,750,1,"16,000",Bachelors
independent-house,gurgaon,2,,Furnished,1,2,,1350,2,"22,000",Bachelors
independent-house,gurgaon,2,,Semi-Furnished,2,1,,950,1,"18,000",Bachelors
independent-house,gurgaon,1,,Unfurnished,1,1,,590,2,"13,000",Bachelors
independent-house,gurgaon,1,,Furnished,1,,,120,,"7,000",Bachelors
independent-house,gurgaon,1,,Semi-Furnished,1,,,430,,"25,000",Bachelors
independent-house,gurgaon,2,,Furnished,2,1,,650,1,"13,500",Bachelors
independent-house,gurgaon,2,,Unfurnished,1,1,,2250,1,"9,500",Bachelors
independent-house,gurgaon,2,,Furnished,2,2,,1080,3,"38,000",Bachelors
independent-house,gurgaon,4,,Unfurnished,4,4,,4600,,2,Bachelors
independent-house,gurgaon,1,,Furnished,2,,,700,,"24,933",Bachelors
independent-house,gurgaon,3,,Unfurnished,4,3,,1400,2,"75,000",Bachelors
independent-house,gurgaon,2,,Unfurnished,2,1,,800,2,"8,500",Bachelors
villa,gurgaon,4,,Semi-Furnished,3,3,,,,"51,000",Bachelors
villa,gurgaon,4,,Unfurnished,4,4,,4600,,2,Bachelors
villa,gurgaon,4,,Unfurnished,5,4,,3500,,2,Bachelors
villa,gurgaon,3,,Semi-Furnished,3,,,2400,,1,Bachelors
villa,gurgaon,2,,Furnished,3,2,,2000,,"50,000",Bachelors
villa,gurgaon,2,,Semi-Furnished,3,4,,1100,,"46,000",Bachelors
villa,gurgaon,4,,Furnished,5,4,,4000,,1,Bachelors
villa,gurgaon,4,,Semi-Furnished,5,4,,4000,,1,Bachelors
villa,gurgaon,4,,Semi-Furnished,4,,,2700,,1,Bachelors
villa,gurgaon,5,,Semi-Furnished,5,3,,,,2,Family
villa,gurgaon,2,,Semi-Furnished,3,,PropertyThis,1440,,"38,000",Bachelors
villa,gurgaon,5,,Semi-Furnished,5,4,,2100,,2,Bachelors
villa,gurgaon,5,,Unfurnished,5,2,,4100,,1,Bachelors
villa,gurgaon,5,,Unfurnished,5,4,,4300,,2,Family
villa,gurgaon,3,,Semi-Furnished,4,4,,1965,,"50,000",Bachelors
villa,gurgaon,20103,,Unfurnished,2,,,1250,,"60,000",Bachelors
villa,gurgaon,20074,,Semi-Furnished,5,31,,3850,,1,Family
villa,gurgaon,19774,,Furnished,4,4,Propertya,5600,,2,Bachelors
villa,gurgaon,5,,Unfurnished,6,3,PropertyBrand,,,2,Bachelors
villa,gurgaon,6,,Semi-Furnished,7,5,,,,3,Bachelors
villa,gurgaon,4,,Unfurnished,4,4,Property,4219,,1,Bachelors
villa,gurgaon,5,,Semi-Furnished,6,5,PropertyOne,5400,,3,Bachelors
villa,gurgaon,4,,Semi-Furnished,4,3,The,4033,,1,Bachelors
villa,gurgaon,20154,,Furnished,4,2,,2160,,"80,000",Bachelors
villa,gurgaon,20114,,Semi-Furnished,4,4,Property,5605,,1,Family
villa,gurgaon,20146,,Semi-Furnished,5,3,,9500,,7,Bachelors
villa,gurgaon,4,,Semi-Furnished,5,2,PropertyDirect,3200,,"70,000",Bachelors
villa,gurgaon,4,,Semi-Furnished,5,3,PropertyOne,3500,,2,Bachelors
villa,gurgaon,5,,Unfurnished,6,5,,7000,,2,Family
villa,gurgaon,20096,,Semi-Furnished,5,4,,4500,,3,Bachelors
flats,hyderabad,2,Name,Semi-Furnished,2,2,,1100,1,"25,000",Bachelors
flats,hyderabad,3,,Semi-Furnished,3,,,1468,5,"30,000",Bachelors
flats,hyderabad,3,,Semi-Furnished,3,1,,1766,4,"65,000",Bachelors
flats,hyderabad,2,,Unfurnished,2,1,,1000,1,"13,000",Bachelors
flats,hyderabad,2,Name,Semi-Furnished,2,1,PropertyMultistorey,1180,6,"28,000",Bachelors
flats,hyderabad,3,,Unfurnished,3,2,,1700,4,"27,000",Bachelors
flats,hyderabad,3,,Semi-Furnished,2,2,,1548,2,"50,000",Bachelors
flats,hyderabad,3,,Unfurnished,2,,,1400,2,"25,000",Bachelors
flats,hyderabad,1,,Semi-Furnished,2,,,650,,"7,000",Bachelors
flats,hyderabad,1,Name,Semi-Furnished,1,2,PropertyMultistorey,900,3,"65,000",Bachelors
flats,hyderabad,3,,Unfurnished,3,1,PropertyNice,1400,5,"75,000",Family
flats,hyderabad,3,,Semi-Furnished,2,1,,1380,5,"20,000",Bachelors
flats,hyderabad,2,,Unfurnished,2,2,,1050,2,"13,500",Bachelors
flats,hyderabad,2,,Semi-Furnished,2,,,1200,,2,Family
flats,hyderabad,3,,Semi-Furnished,3,4,Property,1900,2,"55,000",Bachelors
flats,hyderabad,1,,Unfurnished,1,1,,700,3,"9,500",Bachelors
flats,hyderabad,2,,Semi-Furnished,2,1,PropertyMultistorey,1180,1,"19,500",Bachelors
flats,hyderabad,1,,Furnished,1,1,PropertyMultistorey,640,5,"14,500",Bachelors
flats,hyderabad,3,Name,Furnished,3,3,,1925,23,"81,000",Bachelors
flats,hyderabad,2,Name,Semi-Furnished,2,1,,1150,5,"17,000",Bachelors
flats,hyderabad,2,Name,Furnished,2,2,,1200,4,"26,000",Bachelors
flats,hyderabad,2,Name,Unfurnished,2,2,,950,4,"15,000",Bachelors
flats,hyderabad,3,,Furnished,3,2,Propertystandalone,1700,1,"55,000",Bachelors
flats,hyderabad,2,,Unfurnished,2,1,Propertyprime,600,2,"10,000",Bachelors
flats,hyderabad,2,Name,Semi-Furnished,2,2,PropertyNear,900,7,"12,000",Bachelors
flats,hyderabad,3,,Semi-Furnished,3,1,,1250,6,"42,000",Bachelors
flats,hyderabad,2,,Unfurnished,2,2,,1280,3,"27,500",Bachelors
flats,hyderabad,2,,Furnished,2,1,,1000,,"13,000",Bachelors
flats,hyderabad,1,,Unfurnished,1,,,,2,"8,300",Bachelors
flats,hyderabad,3,,Semi-Furnished,3,2,PropertyIf,1550,3,"30,000",Family
independent-house,hyderabad,2,,Semi-Furnished,2,2,,,,"15,000",Bachelors
independent-house,hyderabad,2,,Furnished,2,3,PropertyThe,1950,1,"35,000",Family
independent-house,hyderabad,2,,Unfurnished,2,12,,1200,1,1,Bachelors
independent-house,hyderabad,2,,Unfurnished,2,1,,,1,"13,000",Bachelors
independent-house,hyderabad,3,,Semi-Furnished,2,1,,1650,,"18,000",Bachelors
independent-house,hyderabad,2,,Semi-Furnished,1,1,East,1000,,"12,500",Family
independent-house,hyderabad,2,,Furnished,3,1,,1350,,"13,000",Bachelors
independent-house,hyderabad,1,,Furnished,1,1,,750,1,"21,000",Bachelors
independent-house,hyderabad,1,,,2,,,,,"9,500",Family
independent-house,hyderabad,6,,Unfurnished,5,5,,7000,,2,Bachelors
independent-house,hyderabad,2,,Unfurnished,2,1,,900,,"9,000",Bachelors
independent-house,hyderabad,2,,Unfurnished,2,,PropertyYou,1350,1,"8,500",Bachelors
independent-house,hyderabad,5,,Semi-Furnished,5,1,,3000,,1,Bachelors
independent-house,hyderabad,3,,Unfurnished,4,2,PropertyA,1900,,"15,000",Bachelors
independent-house,hyderabad,4,,Semi-Furnished,4,2,PropertySARK,3500,,"60,000",Bachelors
independent-house,hyderabad,5,,Unfurnished,5,8,,7400,1,"95,000",Bachelors
independent-house,hyderabad,2,,Unfurnished,2,1,PropertyOpposite,1500,1,"22,000",Bachelors
independent-house,hyderabad,5,,Semi-Furnished,5,3,location,3600,,"55,000",Bachelors
independent-house,hyderabad,3,,Semi-Furnished,3,1,,1500,1,"17,000",Bachelors
independent-house,hyderabad,4,,Semi-Furnished,5,4,PropertyEast,2000,1,"40,000",Family
independent-house,hyderabad,5,,Semi-Furnished,5,2,west,3850,,"60,000",Bachelors
independent-house,hyderabad,7,,Semi-Furnished,7,,PropertyExperience,6400,,1,Bachelors
independent-house,hyderabad,5,,Semi-Furnished,5,,corner,,,"90,000",Bachelors
independent-house,hyderabad,3,,Unfurnished,4,1,,2000,,"38,000",Bachelors
independent-house,hyderabad,5,,Semi-Furnished,4,3,Propertyindependent,5000,,3,Bachelors
independent-house,hyderabad,4,,Furnished,4,,property,3300,,"70,000",Bachelors
independent-house,hyderabad,3,,Semi-Furnished,3,1,PropertyEast,1783,,"32,000",Bachelors
independent-house,hyderabad,3,,Furnished,3,1,,1890,,"60,000",Bachelors
independent-house,hyderabad,3,,Furnished,5,2,villa,2860,,1,Family
independent-house,hyderabad,2,,Semi-Furnished,1,1,PropertyThis,900,1,"16,500",Bachelors
villa,hyderabad,4,,Semi-Furnished,4,2,PropertySARK,3500,,"60,000",Bachelors
villa,hyderabad,5,,Semi-Furnished,5,3,location,3600,,"55,000",Bachelors
villa,hyderabad,5,,Semi-Furnished,5,2,west,3850,,"60,000",Bachelors
villa,hyderabad,7,,Semi-Furnished,7,,PropertyExperience,6400,,1,Bachelors
villa,hyderabad,5,,Semi-Furnished,5,,corner,,,"90,000",Bachelors
villa,hyderabad,3,,Unfurnished,4,1,,2000,,"38,000",Bachelors
villa,hyderabad,4,,Furnished,4,,property,3300,,"70,000",Bachelors
villa,hyderabad,3,,Semi-Furnished,3,1,PropertyEast,1783,,"32,000",Bachelors
villa,hyderabad,3,,Furnished,3,1,,1890,,"60,000",Bachelors
villa,hyderabad,3,,Furnished,5,2,villa,2860,,1,Family
villa,hyderabad,5,,Semi-Furnished,7,2,,6000,,2,Bachelors
villa,hyderabad,3,,Semi-Furnished,3,,,1500,,"38,000",Bachelors
villa,hyderabad,4,,Semi-Furnished,4,2,villa,3200,,"55,000",Family
villa,hyderabad,3,,Semi-Furnished,3,,,1100,,"25,000",Bachelors
villa,hyderabad,5,,Semi-Furnished,4,2,PropertyExperience,3800,,"70,000",Bachelors
villa,hyderabad,5,,Semi-Furnished,5,45,,3212,,"70,000",Bachelors
villa,hyderabad,3,,Furnished,4,2,,2000,,"26,000",Bachelors
villa,hyderabad,4,,Semi-Furnished,6,2,PropertyVilla,,,"65,000",Family
villa,hyderabad,4,,Semi-Furnished,5,2,Main,5000,,1,Bachelors
villa,hyderabad,4,,Unfurnished,4,1,Property,6000,,1,Bachelors
villa,hyderabad,3,,Furnished,3,2,PropertyVilla,1800,,"25,000",Bachelors
villa,hyderabad,4,,Semi-Furnished,4,4,Property,4000,,1,Bachelors
villa,hyderabad,4,,Semi-Furnished,4,2,,2500,,"40,000",Bachelors
villa,hyderabad,5,,Semi-Furnished,5,1,Property,3400,,"65,000",Bachelors
villa,hyderabad,3,,Unfurnished,3,2,,1887,,"32,000",Bachelors
villa,hyderabad,3,,Furnished,3,2,,1580,,"24,000",Bachelors
villa,hyderabad,4,,Unfurnished,4,3,Property,2400,,"50,000",Bachelors
villa,hyderabad,4,,Semi-Furnished,4,3,,4500,,"75,000",Bachelors
villa,hyderabad,5,,Semi-Furnished,5,3,direction,4500,,"80,000",Bachelors
villa,hyderabad,4,,Semi-Furnished,4,,,3500,,"60,000",Bachelors
flats,indore,2,,Furnished,2,1,Propertywell,1000,3,"15,000",Bachelors
flats,indore,1,,Unfurnished,1,1,,450,3,"6,500",Bachelors
flats,indore,1,Name,Furnished,1,,,500,1,"18,000",Bachelors
flats,indore,3,Name,Unfurnished,3,3,,2000,7,"42,000",Bachelors
flats,indore,2,Name,Semi-Furnished,2,1,,950,,"18,000",Bachelors
flats,indore,,,Unfurnished,1,1,,225,1,"17,000",Bachelors
flats,indore,2,Name,Semi-Furnished,2,1,,1077,4,"8,500",Bachelors
flats,indore,2,Name,Semi-Furnished,2,1,PropertyA,850,1,"12,500",Bachelors
flats,indore,2,,Semi-Furnished,2,2,,975,4,"15,000",Bachelors
flats,indore,1,Name,Semi-Furnished,1,1,Propertyit,550,2,"8,000",Bachelors
flats,indore,2,,Unfurnished,2,2,,1000,,"13,000",Bachelors
flats,indore,2,,Semi-Furnished,2,1,,1000,1,"20,000",Bachelors
flats,indore,3,,Furnished,3,3,,1400,1,"40,000",Bachelors
flats,indore,4,,Furnished,5,44,,2909,4,1,Bachelors
flats,indore,1,Name,Unfurnished,1,1,,450,1,"17,500",Bachelors
flats,indore,2,Name,Unfurnished,2,2,,400,2,"9,500",Bachelors
flats,indore,3,Name,Semi-Furnished,3,13,,,4,"25,000",Bachelors
flats,indore,3,Name,Semi-Furnished,3,3,,975,2,"25,000",Bachelors
flats,indore,2,Name,Semi-Furnished,2,2,,607,7,"9,500",Bachelors
flats,indore,3,,Semi-Furnished,3,2,PropertyIf,1900,3,"32,000",Bachelors
flats,indore,,,Furnished,1,1,,1800,,"7,500",Bachelors
flats,indore,2,Name,Unfurnished,2,22,,900,5,"8,000",Bachelors
flats,indore,2,,Semi-Furnished,2,,,1000,4,"15,000",Bachelors
flats,indore,2,,Furnished,2,2,Propertymodular,600,5,"28,600",Family
flats,indore,1,,Semi-Furnished,1,,,155,1,"4,000",Bachelors
flats,indore,2,,Unfurnished,2,1,,1200,1,"25,000",Bachelors
flats,indore,3,,Unfurnished,2,,,1352,1,"16,000",Bachelors
flats,indore,2,,Furnished,2,2,PropertyEmail,750,1,"11,500",Bachelors
flats,indore,2,,Unfurnished,2,1,Property,1130,11,"25,000",Bachelors
flats,indore,3,,Furnished,3,4,PropertyIf,1850,8,"40,000",Bachelors
independent-house,indore,1,,Furnished,1,1,,750,1,"12,000",Bachelors
independent-house,indore,1,,Unfurnished,1,,,250,,"6,000",Bachelors
independent-house,indore,1,,Unfurnished,1,1,,1500,,"7,500",Bachelors
independent-house,indore,1,,Unfurnished,2,1,,550,,"6,500",Bachelors
independent-house,indore,3,,Furnished,4,2,PropertyYou,2700,,"50,000",Bachelors
independent-house,indore,1,,Unfurnished,1,1,Property,450,1,"9,500",Bachelors
independent-house,indore,1,,Semi-Furnished,,,,450,,"8,000",Bachelors
independent-house,indore,2,,Semi-Furnished,2,,PropertyThe,850,,"20,000",Bachelors
independent-house,indore,1,,Furnished,1,,,600,1,"7,000",Bachelors
independent-house,indore,1,,Semi-Furnished,1,,,750,,"18,000",Bachelors
independent-house,indore,3,,Furnished,2,1,,1100,2,"32,000",Bachelors
independent-house,indore,1,,Semi-Furnished,1,,,154,,"7,000",Bachelors
independent-house,indore,1,,Furnished,1,,,600,,"15,000",Bachelors
independent-house,indore,1,,Furnished,1,,,300,1,"10,000",Bachelors
independent-house,indore,2,,Unfurnished,2,,,800,1,"12,500",Bachelors
independent-house,indore,1,,Unfurnished,1,1,,400,1,"5,000",Bachelors
independent-house,indore,1,,Semi-Furnished,1,2,,800,,"9,500",Bachelors
independent-house,indore,3,,Semi-Furnished,3,2,PropertyRoyal,1664,,"29,500",Bachelors
independent-house,indore,3,,Semi-Furnished,3,1,,800,,"25,000",Bachelors
independent-house,indore,4,,Semi-Furnished,3,1,PropertyResidential,2800,,"35,000",Bachelors
independent-house,indore,4,,Unfurnished,4,2,PropertyThis,600,,"35,000",Bachelors
independent-house,indore,2,,Semi-Furnished,1,,,800,,"16,000",Bachelors
independent-house,indore,1,,Unfurnished,2,1,PropertyThis,1100,,"12,000",Bachelors
independent-house,indore,3,,Furnished,3,1,,1500,,"5,000",Bachelors
independent-house,indore,2,,Semi-Furnished,2,1,PropertySituated,1200,1,"12,000",Bachelors
independent-house,indore,4,,Furnished,5,1,,2700,,"70,000",Family
independent-house,indore,3,,Unfurnished,3,1,PropertySeperate,1200,,"14,000",Bachelors
independent-house,indore,2,,Unfurnished,2,1,PropertyKalyan,1050,1,"10,000",Bachelors
independent-house,indore,2,,Semi-Furnished,2,1,,1100,,"15,000",Bachelors
independent-house,indore,2,,Unfurnished,2,1,,1000,,"15,000",Bachelors
villa,indore,1,,Unfurnished,2,1,,550,,"6,500",Bachelors
villa,indore,1,,Semi-Furnished,1,,,750,,"18,000",Bachelors
villa,indore,3,,Unfurnished,3,1,PropertySeperate,1200,,"14,000",Bachelors
villa,indore,1,,Unfurnished,1,1,,500,,"7,200",Bachelors
villa,indore,1,,Furnished,1,,,300,,"4,000",Bachelors
villa,indore,5,,Furnished,6,1,,4800,,1,Bachelors
villa,indore,3,,Semi-Furnished,3,2,,1800,,"22,000",Bachelors
villa,indore,3,,Semi-Furnished,2,2,PropertyNear,1300,,"10,000",Bachelors
villa,indore,3,,Semi-Furnished,3,1,,750,,"31,000",Bachelors
villa,indore,3,,Semi-Furnished,4,1,PropertyOpp,2200,,"25,000",Bachelors
villa,indore,2,,Furnished,2,,,1500,,"28,000",Bachelors
villa,indore,2,,Unfurnished,2,,orientation,1200,,"14,500",Bachelors
villa,indore,5,,Unfurnished,4,3,PropertySpacious,3100,,"35,000",Bachelors
villa,indore,2,,Semi-Furnished,3,1,,1000,,"15,000",Bachelors
villa,indore,2,,Furnished,2,1,,750,,"13,500",Bachelors
villa,indore,4,,Unfurnished,3,3,Property,1360,,"40,000",Bachelors
villa,indore,3,,Semi-Furnished,3,2,,750,,"22,000",Bachelors
villa,indore,6,,Furnished,6,3,,2600,,1,Family
villa,indore,4,,Semi-Furnished,5,,,3120,,"40,000",Family
villa,indore,3,,Furnished,3,4,,1100,,"20,000",Bachelors
villa,indore,3,,Unfurnished,3,2,,1400,,"15,000",Bachelors
villa,indore,4,,Semi-Furnished,6,4,PropertyNorth,3800,,"40,000",Bachelors
villa,indore,2,,Unfurnished,2,2,Property,1200,,"8,000",Bachelors
villa,indore,3,,Semi-Furnished,3,1,,2000,,"28,000",Bachelors
villa,indore,4,,Semi-Furnished,3,,Property,2400,,"40,000",Family
villa,indore,2,,Semi-Furnished,2,,,1100,,"17,500",Family
villa,indore,3,,Semi-Furnished,3,1,PropertyEast,1400,,"40,000",Family
villa,indore,2,,Furnished,1,,layout,750,,"23,000",Bachelors
villa,indore,3,,Furnished,3,3,,1000,,"50,000",Bachelors
villa,indore,4,,Unfurnished,6,1,,2507,,"40,000",Bachelors
flats,jaipur,3,,Semi-Furnished,3,3,,1400,12,"27,000",Bachelors
flats,jaipur,2,,Semi-Furnished,2,3,,1000,1,"14,500",Family
flats,jaipur,3,,Semi-Furnished,2,2,,980,,"14,000",Bachelors
flats,jaipur,2,,Furnished,2,1,,839,7,"16,500",Bachelors
flats,jaipur,2,,Semi-Furnished,2,1,,1800,1,"15,000",Bachelors
flats,jaipur,2,Name,Furnished,2,3,,1100,,"13,000",Bachelors
flats,jaipur,2,,Furnished,2,1,Property,759,2,"18,000",Bachelors
flats,jaipur,3,,Unfurnished,2,2,,1236,1,"15,000",Bachelors
flats,jaipur,3,,Semi-Furnished,2,3,,1131,3,"27,000",Bachelors
flats,jaipur,2,,Furnished,2,,,1100,2,"18,500",Bachelors
flats,jaipur,,,Unfurnished,1,1,,900,2,"35,000",Bachelors
flats,jaipur,2,Name,Semi-Furnished,1,,,1200,1,"15,000",Bachelors
flats,jaipur,2,,Semi-Furnished,3,1,,833,3,"14,000",Bachelors
flats,jaipur,2,,Furnished,2,1,Property,1000,14,"18,000",Bachelors
flats,jaipur,2,Name,,,,,1100,,"15,000",Bachelors
flats,jaipur,3,,Semi-Furnished,3,33,,1540,5,"15,000",Bachelors
flats,jaipur,2,Name,Semi-Furnished,2,,,800,3,"8,685",Bachelors
flats,jaipur,2,,Semi-Furnished,2,1,,1800,1,"15,000",Bachelors
flats,jaipur,3,,Semi-Furnished,3,3,PropertyFind,1452,8,"15,000",Bachelors
flats,jaipur,3,,Unfurnished,3,3,Property,1346,5,"13,000",Bachelors
flats,jaipur,4,,Unfurnished,4,4,Property,2394,15,"40,000",Bachelors
flats,jaipur,3,Name,Semi-Furnished,2,2,,1570,1,"19,000",Bachelors
flats,jaipur,2,,Semi-Furnished,2,2,PropertySemi,1292,2,"16,000",Bachelors
flats,jaipur,4,,Semi-Furnished,3,,,1768,2,"35,000",Bachelors
flats,jaipur,2,,Furnished,2,32,,900,7,"20,000",Bachelors
flats,jaipur,3,Name,Furnished,3,4,,1650,5,"35,000",Bachelors
flats,jaipur,3,,Semi-Furnished,2,,,1424,5,"25,000",Bachelors
flats,jaipur,2,Name,Semi-Furnished,2,2,,770,7,"16,500",Bachelors
flats,jaipur,3,,Furnished,2,23,,1458,2,"30,000",Bachelors
flats,jaipur,4,Name,Semi-Furnished,4,3,PropertyFind,2221,11,"45,000",Bachelors
independent-house,jaipur,1,,Semi-Furnished,1,,,700,,"11,000",Bachelors
independent-house,jaipur,3,,Semi-Furnished,2,,,2500,,"50,000",Bachelors
independent-house,jaipur,3,,Furnished,3,,,1400,,"21,000",Bachelors
independent-house,jaipur,3,,Furnished,5,2,Property,2008,,"33,000",Bachelors
independent-house,jaipur,2,,Unfurnished,2,,,,,"15,000",Bachelors
independent-house,jaipur,3,,Semi-Furnished,3,1,Property,585,,"18,000",Bachelors
independent-house,jaipur,3,,Semi-Furnished,3,2,,1800,,"18,000",Bachelors
independent-house,jaipur,4,,Semi-Furnished,2,,,,,"30,000",Bachelors
independent-house,jaipur,3,,Semi-Furnished,3,1,,1800,,"15,000",Family
independent-house,jaipur,1,,Unfurnished,1,1,PropertyThe,260,,"8,500",Bachelors
independent-house,jaipur,4,,,,,,3000,,"25,000",Bachelors
independent-house,jaipur,4,,Semi-Furnished,4,3500,,2500,,"25,000",Bachelors
independent-house,jaipur,2,,Unfurnished,2,,,2500,1,"24,999",Bachelors
independent-house,jaipur,3,,Furnished,3,2,,1800,,"30,000",Bachelors
independent-house,jaipur,2,,Semi-Furnished,1,,Property,800,,"15,000",Bachelors
independent-house,jaipur,1,,Semi-Furnished,1,,PropertyStore,200,,"6,000",Bachelors
independent-house,jaipur,3,,Unfurnished,3,1,,1800,,"20,000",Bachelors
independent-house,jaipur,2,,Unfurnished,2,,,,,"18,000",Bachelors
independent-house,jaipur,2,,Unfurnished,2,2,PropertyNear,1350,1,"11,500",Bachelors
independent-house,jaipur,4,,Unfurnished,4,1,,3200,,1,Family
independent-house,jaipur,3,,Semi-Furnished,3,,,,,"10,000",Bachelors
independent-house,jaipur,2,,Furnished,1,2,PropertyCheck,1000,,"24,500",Family
independent-house,jaipur,3,,Semi-Furnished,2,1,,900,,"12,000",Bachelors
independent-house,jaipur,2,,Semi-Furnished,2,1,,1000,,"15,000",Bachelors
independent-house,jaipur,1,,Furnished,1,,,1000,1,"12,000",Bachelors
independent-house,jaipur,10,,Semi-Furnished,7,4,,3000,,"60,000",Bachelors
independent-house,jaipur,2,,Semi-Furnished,2,1,,720,,"15,000",Bachelors
independent-house,jaipur,3,,Semi-Furnished,3,4,,2700,,"22,000",Bachelors
independent-house,jaipur,2,,Unfurnished,2,1,PropertyThe,800,1,"10,000",Bachelors
independent-house,jaipur,2,,Semi-Furnished,2,,,980,,"14,000",Bachelors
villa,jaipur,3,,Furnished,5,2,Property,2008,,"33,000",Bachelors
villa,jaipur,3,,Semi-Furnished,3,1,Property,585,,"18,000",Bachelors
villa,jaipur,3,,Semi-Furnished,3,2,,1800,,"18,000",Bachelors
villa,jaipur,3,,Semi-Furnished,3,1,,1800,,"15,000",Family
villa,jaipur,3,,Unfurnished,3,1,,1800,,"20,000",Bachelors
villa,jaipur,3,,Semi-Furnished,2,1,,900,,"12,000",Bachelors
villa,jaipur,3,,Semi-Furnished,3,4,,2700,,"22,000",Bachelors
villa,jaipur,3,,Semi-Furnished,3,1,,900,,"12,000",Bachelors
villa,jaipur,3,,Semi-Furnished,3,1,Propertynear,,,"18,000",Bachelors
villa,jaipur,1,,Semi-Furnished,2,1,,1250,,"15,500",Bachelors
villa,jaipur,3,,Furnished,3,1,,750,,"35,000",Bachelors
villa,jaipur,2,,Semi-Furnished,2,1,PropertyBest,1000,,"10,500",Bachelors
villa,jaipur,3,,Semi-Furnished,4,,,2770,,"45,000",Bachelors
villa,jaipur,3,,Furnished,3,1,,750,,"35,000",Bachelors
villa,jaipur,2,,Semi-Furnished,2,,Property,900,,"8,000",Bachelors
villa,jaipur,3,,Semi-Furnished,2,1,,1400,,"15,000",Bachelors
villa,jaipur,2,,Semi-Furnished,2,1,,1000,,"12,500",Bachelors
villa,jaipur,3,,Unfurnished,3,1,,740,,"18,000",Family
villa,jaipur,2,,Semi-Furnished,1,,,900,,"10,000",Bachelors
villa,jaipur,3,,Semi-Furnished,3,2,Property,1800,,"16,500",Bachelors
villa,jaipur,3,,Semi-Furnished,3,2,Property,1827,,"28,000",Bachelors
villa,jaipur,3,,Semi-Furnished,3,2,,,,"25,000",Bachelors
villa,jaipur,3,,Semi-Furnished,3,1,PropertyVilla,1800,,"21,000",Family
villa,jaipur,4,,Semi-Furnished,4,1,,2600,,"25,000",Bachelors
villa,jaipur,2,,Semi-Furnished,2,1,Property,900,,"19,000",Bachelors
villa,jaipur,4,,Semi-Furnished,4,2,,1731,,"22,000",Bachelors
villa,jaipur,4,,Semi-Furnished,3,1,,1070,,"20,000",Bachelors
villa,jaipur,2,,,,,,750,,"6,000",Bachelors
villa,jaipur,3,,Unfurnished,3,2,,2500,,"20,000",Bachelors
villa,jaipur,1,,Semi-Furnished,1,1,,170,,"7,000",Bachelors
flats,kolkata,2,Name,Unfurnished,2,1,,780,2,"16,499",Bachelors
flats,kolkata,3,,Semi-Furnished,3,1,,1370,11,"25,000",Bachelors
flats,kolkata,3,Name,Furnished,3,2,,1600,11,1,Bachelors
flats,kolkata,2,Name,Furnished,2,12,,650,4,"35,000",Bachelors
flats,kolkata,2,,Unfurnished,2,2,,1037,4,"15,000",Bachelors
flats,kolkata,1,Name,Unfurnished,2,,,900,3,"15,000",Bachelors
flats,kolkata,3,,Furnished,3,2,,1370,5,"22,000",Family
flats,kolkata,2,Name,Unfurnished,2,,PropertyFind,510,1,"8,500",Bachelors
flats,kolkata,2,,Unfurnished,2,12,,614,1,"13,000",Bachelors
flats,kolkata,3,Name,Furnished,2,2,PropertyMultistorey,1200,2,"17,000",Bachelors
flats,kolkata,2,,Semi-Furnished,1,,,552,,"8,000",Bachelors
flats,kolkata,3,,Semi-Furnished,2,2,PropertyIf,1322,3,"15,000",Bachelors
flats,kolkata,3,,Unfurnished,2,1,,800,1,"25,000",Bachelors
flats,kolkata,2,,,,,,925,2,"11,500",Family
flats,kolkata,2,,Semi-Furnished,2,2,,1440,2,"5,500",Bachelors
flats,kolkata,1,,Semi-Furnished,1,1,Property,403,1,"5,000",Bachelors
flats,kolkata,3,Name,Unfurnished,2,1,,1106,1,"17,000",Bachelors
flats,kolkata,3,,Furnished,3,2,,2200,5,"60,000",Family
flats,kolkata,2,Name,Furnished,2,,PropertyAc,680,4,"20,000",Bachelors
flats,kolkata,4,Name,Furnished,4,3,,4000,7,1,Family
flats,kolkata,3,,Furnished,2,1,,1060,3,"37,000",Bachelors
flats,kolkata,3,,Semi-Furnished,2,1,,787,5,"22,000",Bachelors
flats,kolkata,1,Name,Unfurnished,1,,,250,3,"5,000",Bachelors
flats,kolkata,3,,Furnished,2,,,1129,2,"30,000",Bachelors
flats,kolkata,2,,Semi-Furnished,1,,,553,2,"14,000",Bachelors
flats,kolkata,2,Name,Furnished,2,,PropertyEast,700,1,"30,000",Bachelors
flats,kolkata,2,Name,Unfurnished,1,,,465,1,"8,000",Bachelors
flats,kolkata,2,,Unfurnished,1,,,750,3,"8,000",Bachelors
flats,kolkata,3,,Unfurnished,2,,,1350,4,"15,000",Bachelors
flats,kolkata,2,Name,Furnished,2,1,,740,2,"20,000",Bachelors
independent-house,kolkata,3,,Unfurnished,4,2,East,2300,,1,Bachelors
independent-house,kolkata,2,,Unfurnished,2,1,PropertyA,650,1,"12,000",Bachelors
independent-house,kolkata,3,,Furnished,3,1,,2000,2,"89,000",Bachelors
independent-house,kolkata,1,,Unfurnished,1,,,275,,"5,500",Bachelors
independent-house,kolkata,1,,Furnished,1,2,,300,,"3,000",Bachelors
independent-house,kolkata,2,,Unfurnished,1,1,,800,1,"10,000",Bachelors
independent-house,kolkata,2,,Unfurnished,1,1,,1200,1,"27,000",Bachelors
independent-house,kolkata,2,,Unfurnished,1,1,,800,,"12,000",Bachelors
independent-house,kolkata,2,,Semi-Furnished,3,1,,1200,,"10,000",Family
independent-house,kolkata,2,,Unfurnished,2,1,PropertyThis,850,1,"8,000",Bachelors
independent-house,kolkata,2,,Unfurnished,1,1,PropertyIt,800,,"8,000",Bachelors
independent-house,kolkata,3,,Semi-Furnished,2,1,,700,,"15,000",Bachelors
independent-house,kolkata,1,,Semi-Furnished,1,1,Property,170,2,"5,856",Bachelors
independent-house,kolkata,3,,Semi-Furnished,2,,,1200,1,"20,000",Bachelors
independent-house,kolkata,2,,Semi-Furnished,2,,,1500,,"7,000",Bachelors
independent-house,kolkata,2,,Semi-Furnished,1,1,PropertyNear,950,,"8,000",Bachelors
independent-house,kolkata,2,,Unfurnished,1,1,,595,1,"11,000",Bachelors
independent-house,kolkata,3,,Unfurnished,2,1,,1110,1,"22,000",Bachelors
independent-house,kolkata,1,,Unfurnished,2,1,PropertyCheck,420,,"9,000",Bachelors
independent-house,kolkata,3,,Semi-Furnished,1,,PropertyCheck,935,,"30,000",Bachelors
independent-house,kolkata,1,,Semi-Furnished,1,,,400,,"7,000",Bachelors
independent-house,kolkata,2,,Semi-Furnished,1,,,800,2,"10,000",Bachelors
independent-house,kolkata,2,,Unfurnished,2,1,,900,,"10,000",Bachelors
independent-house,kolkata,2,,Unfurnished,2,12,,520,2,"12,000",Bachelors
independent-house,kolkata,2,,Unfurnished,1,,,830,1,"7,200",Bachelors
independent-house,kolkata,1,,Semi-Furnished,1,1,,200,,"6,000",Bachelors
independent-house,kolkata,1,,Semi-Furnished,1,1,,500,,"5,000",Bachelors
independent-house,kolkata,6,,Unfurnished,5,,PropertyYou,10000,5,5,Bachelors
independent-house,kolkata,1,,Unfurnished,1,1,,300,,"3,300",Bachelors
independent-house,kolkata,2,,Unfurnished,2,1,,1000,,"22,000",Family
villa,kolkata,4,,Unfurnished,3,2,,3034,,"70,000",Bachelors
villa,kolkata,2,,Unfurnished,2,,,1284,,"60,000",Bachelors
villa,kolkata,3,,Unfurnished,1,1,,900,,"8,000",Bachelors
villa,kolkata,2,,Unfurnished,2,1,,850,,"11,000",Bachelors
villa,kolkata,3,,Furnished,3,1,PropertyFully,2000,,"60,000",Bachelors
villa,kolkata,1,,Unfurnished,1,,,250,,"3,500",Bachelors
villa,kolkata,3,,Furnished,2,1,,1150,,"15,000",Bachelors
villa,kolkata,4,,Unfurnished,5,,,3800,,1,Bachelors
villa,kolkata,3,,Furnished,3,3,,2139,,1,Bachelors
villa,kolkata,4,,Unfurnished,5,2,,3125,,1,Bachelors
villa,kolkata,3,,Furnished,3,2,VILLA,2300,,1,Bachelors
villa,kolkata,3,,Unfurnished,3,1,,1350,,"30,000",Bachelors
villa,kolkata,2,,Furnished,2,1,PropertyVilla,700,,"17,000",Bachelors
villa,kolkata,3,,Furnished,3,3,,1800,,"40,000",Bachelors
villa,kolkata,2,,Unfurnished,1,,,800,,"6,000",Bachelors
villa,kolkata,2,,Semi-Furnished,2,1,,765,,"12,500",Bachelors
villa,kolkata,5,,Unfurnished,5,,,2000,,"5,000",Bachelors
villa,kolkata,3,,Furnished,3,2,,3500,,"75,000",Bachelors
villa,kolkata,2,,Furnished,2,2,,1500,,"45,000",Bachelors
villa,kolkata,2,,Furnished,3,2,,4750,,"75,000",Bachelors
villa,kolkata,1,,Unfurnished,1,1,PropertyI,450,,"7,500",Bachelors
villa,kolkata,3,,Furnished,3,1,,1800,,"20,000",Bachelors
villa,kolkata,2,,Unfurnished,3,,PropertyGated,1100,,"25,000",Bachelors
villa,kolkata,4,,Furnished,4,3,,3200,,1,Bachelors
villa,kolkata,3,,Furnished,3,1,,780,,"22,000",Bachelors
villa,kolkata,3,,Unfurnished,3,2,PropertyVilla,1500,,"40,000",Bachelors
villa,kolkata,2,,Unfurnished,1,1,,800,,"9,000",Bachelors
villa,kolkata,3,,Semi-Furnished,3,1,,2000,,"20,000",Bachelors
villa,kolkata,2,,Semi-Furnished,2,,PropertyVilla,850,,"15,000",Bachelors
villa,kolkata,3,,Semi-Furnished,3,2,,980,,"15,000",Bachelors
flats,lucknow,3,,Unfurnished,3,33,,1480,6,"13,000",Bachelors
flats,lucknow,3,Name,Furnished,3,2,,1500,3,"35,000",Bachelors
flats,lucknow,2,,Semi-Furnished,1,12,,1000,2,"9,000",Bachelors
flats,lucknow,3,Name,Semi-Furnished,5,4,,,,"18,000",Bachelors
flats,lucknow,,,Furnished,1,,,400,2,"12,000",Bachelors
flats,lucknow,3,,Semi-Furnished,2,3,,600,11,"18,000",Bachelors
flats,lucknow,2,Name,Semi-Furnished,1,1,PropertyFind,1000,2,"15,000",Bachelors
flats,lucknow,2,Name,Furnished,2,,,1100,3,"12,000",Bachelors
flats,lucknow,2,,Furnished,2,2,Propertyeverything,1035,3,"10,000",Bachelors
flats,lucknow,3,,Unfurnished,3,,,1550,2,"11,000",Bachelors
flats,lucknow,3,,Semi-Furnished,2,3,,1425,11,"25,000",Bachelors
flats,lucknow,2,,Semi-Furnished,2,2,,1325,6,"15,000",Bachelors
flats,lucknow,1,,Semi-Furnished,1,11,,750,3,"5,000",Bachelors
flats,lucknow,1,,Furnished,1,1,,1000,1,"6,500",Bachelors
flats,lucknow,3,Name,Semi-Furnished,3,1,,1300,1,"16,500",Bachelors
flats,lucknow,2,,Semi-Furnished,2,2,,1200,,"20,500",Bachelors
flats,lucknow,2,,Unfurnished,1,12,,400,1,"6,500",Bachelors
flats,lucknow,2,Name,Semi-Furnished,2,22,,1750,5,"35,000",Bachelors
flats,lucknow,,,Unfurnished,1,,,300,1,"6,500",Bachelors
flats,lucknow,1,,Semi-Furnished,1,1,,300,,"6,000",Bachelors
flats,lucknow,3,Name,Semi-Furnished,2,1,,1200,4,"12,000",Bachelors
flats,lucknow,3,,Semi-Furnished,4,4,,1800,8,"24,000",Bachelors
flats,lucknow,2,,Unfurnished,2,1,,1000,,"13,000",Bachelors
flats,lucknow,4,Name,Unfurnished,4,1,PropertyCheck,1860,2,"28,000",Bachelors
flats,lucknow,1,Name,Semi-Furnished,1,1,,500,1,"7,500",Bachelors
flats,lucknow,2,,Furnished,2,1,,1000,6,"26,000",Bachelors
flats,lucknow,3,Name,Unfurnished,2,3,,1800,1,"25,000",Bachelors
flats,lucknow,3,,Furnished,2,2,PropertyIt,1100,3,"25,000",Bachelors
flats,lucknow,2,,Semi-Furnished,2,3,PropertyYou,996,5,"20,000",Bachelors
flats,lucknow,2,,Semi-Furnished,2,3,,1250,3,"18,000",Bachelors
independent-house,lucknow,1,,Furnished,1,1,Propertyvery,550,1,"13,000",Bachelors
independent-house,lucknow,2,,Semi-Furnished,2,2,PropertyAll,1200,,"12,000",Bachelors
independent-house,lucknow,3,,Unfurnished,2,1,,1200,,"10,000",Bachelors
independent-house,lucknow,2,,Unfurnished,1,1,PropertyThis,500,,"7,000",Bachelors
independent-house,lucknow,3,,Furnished,3,3,PropertyThis,2000,,"30,000",Family
independent-house,lucknow,2,,Semi-Furnished,2,,,2100,1,"11,000",Bachelors
independent-house,lucknow,3,,Unfurnished,3,1,,3600,,"18,000",Bachelors
independent-house,lucknow,1,,Furnished,1,,,1050,,"12,500",Bachelors
independent-house,lucknow,3,,Unfurnished,2,2,PropertyNear,1250,1,"16,000",Bachelors
independent-house,lucknow,2,,Furnished,2,1,Propertynew,1000,,"10,000",Bachelors
independent-house,lucknow,2,,Unfurnished,1,,PropertyNear,900,1,"8,000",Bachelors
independent-house,lucknow,3,,Semi-Furnished,3,2,,2100,,"15,000",Bachelors
independent-house,lucknow,2,,Unfurnished,1,1,,1000,,"12,000",Bachelors
independent-house,lucknow,2,,Unfurnished,2,,,2100,,"28,000",Bachelors
independent-house,lucknow,1,,Semi-Furnished,1,1,,300,,"8,000",Bachelors
independent-house,lucknow,6,,Semi-Furnished,5,3,PropertyCheck,7200,,"60,000",Bachelors
independent-house,lucknow,2,,Unfurnished,2,1,,1200,,"12,000",Bachelors
independent-house,lucknow,2,,Unfurnished,2,1,,950,1,"13,000",Bachelors
independent-house,lucknow,2,,Unfurnished,1,1300,,900,1,"9,000",Bachelors
independent-house,lucknow,3,,Unfurnished,4,1,PropertyThis,2016,,"18,000",Bachelors
independent-house,lucknow,2,,Furnished,2,1,,2160,,"20,000",Bachelors
independent-house,lucknow,2,,Semi-Furnished,2,1,,1000,1,"12,000",Bachelors
independent-house,lucknow,1,,Unfurnished,1,2,,255,1,"6,000",Bachelors
independent-house,lucknow,4,,Unfurnished,4,1,,2200,,"60,000",Bachelors
independent-house,lucknow,2,,Unfurnished,2,1,,1300,1,"20,000",Bachelors
independent-house,lucknow,3,,Semi-Furnished,3,,PropertyNear,1250,,"18,000",Family
independent-house,lucknow,2,,Semi-Furnished,1,1,,700,,"14,000",Bachelors
independent-house,lucknow,1,,Furnished,1,1,PropertyA,300,1,"7,000",Bachelors
independent-house,lucknow,1,,Semi-Furnished,1,1,,500,,"5,000",Bachelors
independent-house,lucknow,2,,Unfurnished,1,,,676,,"6,500",Bachelors
villa,lucknow,1,,Furnished,1,,,1050,,"12,500",Bachelors
villa,lucknow,2,,Unfurnished,1,1,,1000,,"12,000",Bachelors
villa,lucknow,2,,Unfurnished,2,,,2100,,"28,000",Bachelors
villa,lucknow,2,,Unfurnished,2,1,,1200,,"12,000",Bachelors
villa,lucknow,4,,Unfurnished,4,1,,2200,,"60,000",Bachelors
villa,lucknow,2,,Semi-Furnished,2,,,2000,,"15,000",Bachelors
villa,lucknow,2,,Semi-Furnished,2,,,1200,,"12,500",Bachelors
villa,lucknow,2,,Semi-Furnished,1,1,,1200,,"12,000",Bachelors
villa,lucknow,2,,Unfurnished,2,2,Property,1450,,"22,000",Bachelors
villa,lucknow,2,,Unfurnished,2,1,Property,1200,,"8,500",Bachelors
villa,lucknow,1,,Unfurnished,1,2,,425,,"8,500",Bachelors
villa,lucknow,3,,Unfurnished,2,1,Property,1378,,"16,000",Bachelors
villa,lucknow,2,,Semi-Furnished,2,1,PropertyVilla,1077,,"22,000",Bachelors
villa,lucknow,3,,Unfurnished,3,2,,1152,,"14,000",Bachelors
villa,lucknow,3,,Semi-Furnished,3,,,1550,,"18,000",Bachelors
villa,lucknow,3,,Semi-Furnished,2,,PropertyVilla,1700,,"15,000",Bachelors
villa,lucknow,1,,Semi-Furnished,1,,,1055,,"10,000",Bachelors
villa,lucknow,2,,Unfurnished,1,,,1560,,"16,000",Family
villa,lucknow,3,,Semi-Furnished,2,1,,1200,,"12,000",Bachelors
villa,lucknow,3,,Unfurnished,3,1,PropertyProperty,1200,,"11,000",Bachelors
villa,lucknow,3,,Semi-Furnished,3,,PropertyVilla,2400,,"18,000",Bachelors
villa,lucknow,2,,Semi-Furnished,1,1,PropertyWelcome,450,,"9,000",Bachelors
villa,lucknow,1,,Semi-Furnished,1,,Property,521,,"10,000",Bachelors
villa,lucknow,3,,Semi-Furnished,2,1,,1235,,"12,000",Bachelors
villa,lucknow,2,,Unfurnished,2,1,,1200,,"12,000",Bachelors
villa,lucknow,3,,Semi-Furnished,3,1,Villa,1213,,"32,000",Family
villa,lucknow,2,,Unfurnished,3,1,,1010,,"20,000",Bachelors
villa,lucknow,2,,Unfurnished,3,1,,1301,,"25,000",Bachelors
villa,lucknow,5,,Semi-Furnished,2,1,PropertyNear,1800,,"25,000",Bachelors
villa,lucknow,2,,Semi-Furnished,2,1,,800,,"15,000",Family
flats,mumbai,2,,Semi-Furnished,2,1,Property,700,12,"60,000",Bachelors
flats,mumbai,1,,Furnished,1,1,PropertyIt,490,8,"49,000",Bachelors
flats,mumbai,2,Name,Furnished,2,,,1000,3,"60,533",Bachelors
flats,mumbai,1,Name,Semi-Furnished,1,1,,345,4,"25,000",Bachelors
flats,mumbai,2,,Unfurnished,2,,,860,6,"75,000",Bachelors
flats,mumbai,2,,Unfurnished,2,,,760,3,"70,000",Bachelors
flats,mumbai,2,,Semi-Furnished,1,25,,750,2,"45,000",Bachelors
flats,mumbai,3,,Semi-Furnished,3,2,,1250,6,"80,000",Family
flats,mumbai,1,,Furnished,1,12,,650,3,"18,000",Bachelors
flats,mumbai,4,Garden,Furnished,2,177,,1400,4,1,Bachelors
flats,mumbai,2,,Semi-Furnished,2,1,,985,2,"75,000",Bachelors
flats,mumbai,3,Name,Unfurnished,2,2,,830,3,"35,000",Bachelors
flats,mumbai,3,,Furnished,3,,PropertyA,1500,4,"88,000",Bachelors
flats,mumbai,2,Name,Furnished,2,,PropertyGrab,1050,3,1,Bachelors
flats,mumbai,2,,Semi-Furnished,2,1,,850,9,"80,000",Bachelors
flats,mumbai,3,,Furnished,2,3,,890,6,1,Bachelors
flats,mumbai,2,,Semi-Furnished,2,,,650,38,"68,000",Bachelors
flats,mumbai,1,,Unfurnished,1,,,585,7,"30,000",Bachelors
flats,mumbai,4,,Furnished,4,1,,1290,2,2,Bachelors
flats,mumbai,2,,Unfurnished,2,,,620,5,"32,817",Bachelors
flats,mumbai,2,,Furnished,1,,,550,5,"15,000",Bachelors
flats,mumbai,1,,Semi-Furnished,1,1,PropertyI,550,2,"8,000",Bachelors
flats,mumbai,1,Name,Furnished,1,,,400,2,"11,000",Bachelors
flats,mumbai,1,,Semi-Furnished,2,,,430,10,"38,000",Bachelors
flats,mumbai,1,,Semi-Furnished,1,,,300,5,"25,000",Bachelors
flats,mumbai,1,,Semi-Furnished,1,,,495,3,"30,000",Bachelors
flats,mumbai,1,,Semi-Furnished,2,,,460,3,"35,000",Bachelors
flats,mumbai,2,,Furnished,2,1,,771,1,"66,000",Bachelors
flats,mumbai,,,Furnished,1,,,220,2,"16,000",Bachelors
flats,mumbai,2,,Unfurnished,2,,Property,675,1,"72,000",Bachelors
independent-house,mumbai,1,,Semi-Furnished,2,1,,600,,"18,000",Bachelors
independent-house,mumbai,2,,Semi-Furnished,2,,PropertyMain,600,,"18,000",Bachelors
independent-house,mumbai,3,,Unfurnished,3,1,,910,6,1,Bachelors
independent-house,mumbai,1,,Unfurnished,1,,,380,,"10,000",Bachelors
independent-house,mumbai,1,,Semi-Furnished,1,,,400,,"17,000",Bachelors
independent-house,mumbai,1,,Semi-Furnished,1,,,250,1,"17,000",Bachelors
independent-house,mumbai,1,,Semi-Furnished,1,1,,250,,"5,000",Bachelors
independent-house,mumbai,2,,Semi-Furnished,1,1,,1000,,"15,000",Bachelors
independent-house,mumbai,2,,Furnished,2,,PropertyEast,700,4,"90,000",Bachelors
independent-house,mumbai,4,,Semi-Furnished,2,1,,2500,,1,Bachelors
independent-house,mumbai,2,amenities include Swimming pool,Semi-Furnished,2,,,680,,"70,000",Family
independent-house,mumbai,2,,Semi-Furnished,2,,,880,,"65,000",Bachelors
independent-house,mumbai,1,Chembur,Furnished,1,,,200,,"20,000",Bachelors
independent-house,mumbai,2,,Unfurnished,2,3,,1180,,"60,000",Bachelors
independent-house,mumbai,2,,Semi-Furnished,1,,,700,,"45,000",Bachelors
independent-house,mumbai,1,,Unfurnished,1,31,,165,,"7,200",Bachelors
independent-house,mumbai,1,,Unfurnished,2,,,500,1,"45,000",Bachelors
independent-house,mumbai,2,,Unfurnished,1,,,600,1,"30,000",Bachelors
independent-house,mumbai,1,,Unfurnished,1,1,PropertyNear,545,1,"17,500",Bachelors
independent-house,mumbai,1,,Furnished,1,1,,600,,"20,000",Bachelors
independent-house,mumbai,1,,Unfurnished,2,1,,150,1,"12,000",Bachelors
independent-house,mumbai,1,,Unfurnished,1,,,350,1,"15,000",Bachelors
independent-house,mumbai,1,,Semi-Furnished,1,1,,350,1,"8,500",Bachelors
independent-house,mumbai,1,,Unfurnished,1,,PropertyNear,210,,"20,000",Family
independent-house,mumbai,1,,Unfurnished,1,,,300,,"8,500",Bachelors
independent-house,mumbai,,,Furnished,1,,,150,,"15,000",Bachelors
independent-house,mumbai,2,,Unfurnished,2,1,,600,,"35,000",Bachelors
independent-house,mumbai,1,,Unfurnished,1,1,,150,1,"9,000",Bachelors
independent-house,mumbai,3,,Unfurnished,3,1,,4200,,"60,000",Bachelors
independent-house,mumbai,1,,Furnished,1,,,508,,"50,000",Bachelors
villa,mumbai,2,,Semi-Furnished,1,1,,1000,,"15,000",Bachelors
villa,mumbai,4,,Semi-Furnished,2,1,,2500,,1,Bachelors
villa,mumbai,1,,Unfurnished,1,31,,165,,"7,200",Bachelors
villa,mumbai,,,Furnished,1,,,150,,"15,000",Bachelors
villa,mumbai,3,,Unfurnished,3,1,,4200,,"60,000",Bachelors
villa,mumbai,2,,Furnished,2,1,,900,,"75,000",Bachelors
villa,mumbai,4,,Semi-Furnished,4,1,,2000,,"14,000",Bachelors
villa,mumbai,4,,Unfurnished,2,1,Propertygated,3000,,1,Bachelors
villa,mumbai,2,,Semi-Furnished,2,,,750,,"13,000",Bachelors
villa,mumbai,4,,Semi-Furnished,3,3,and,2000,,2,
villa,mumbai,4,,Unfurnished,5,44,,3200,,2,Bachelors
villa,mumbai,5,,Semi-Furnished,7,9,Propertythis,5443,,14,Bachelors
villa,mumbai,4,,Unfurnished,4,4,,2538,,2,Bachelors
villa,mumbai,4,,Unfurnished,4,,PropertySpacious,3500,,4,Bachelors
villa,mumbai,4,,Unfurnished,5,6,,7000,,11,Bachelors
villa,mumbai,2,,Unfurnished,2,2,PropertyBeautiful,1000,,1,Bachelors
villa,mumbai,4,,Furnished,5,2,Propertyavailable,2000,,1,Bachelors
villa,mumbai,5,,Semi-Furnished,3,35,,3000,,3,Bachelors
villa,mumbai,3,,Unfurnished,3,1,PropertyAvailable,1500,,1,Family
villa,mumbai,4,,Furnished,5,2,Propertybeautiful,2500,,4,Bachelors
villa,mumbai,3,,Unfurnished,1,,Propertyits,1200,,1,Family
villa,mumbai,3,,Semi-Furnished,2,1,,1250,,1,Bachelors
villa,mumbai,3,,Unfurnished,3,,,1500,,1,Family
villa,mumbai,4,,Furnished,6,2,,15500,,8,Bachelors
villa,mumbai,4,,Unfurnished,4,,,2000,,1,Family
villa,mumbai,19684,,Furnished,4,1,,3400,,5,Bachelors
villa,mumbai,4,,Semi-Furnished,4,1,,3900,,6,Bachelors
villa,mumbai,3,,Unfurnished,3,1,,,,"27,000",Bachelors
villa,mumbai,3,,Semi-Furnished,3,1,,2000,,1,Bachelors
villa,mumbai,4,,Furnished,4,3,,5500,,"33,000",Family
flats,navi-mumbai,2,,Unfurnished,2,3,,1100,6,"35,000",Bachelors
flats,navi-mumbai,2,,Unfurnished,2,,PropertyCheck,1250,11,"14,000",Bachelors
flats,navi-mumbai,1,,Furnished,2,1,,504,6,"42,000",Bachelors
flats,navi-mumbai,1,Name,Unfurnished,1,,,400,9,"8,000",Bachelors
flats,navi-mumbai,1,,Unfurnished,2,11,,285,2,"15,500",Bachelors
flats,navi-mumbai,4,,Furnished,4,3,,3500,,4,Bachelors
flats,navi-mumbai,3,,Unfurnished,3,3,PropertyGrab,1000,11,"28,000",Bachelors
flats,navi-mumbai,2,Name,Semi-Furnished,2,,,760,3,"50,000",Bachelors
flats,navi-mumbai,3,Name,Furnished,3,33,,1060,8,1,Bachelors
flats,navi-mumbai,2,Name,Unfurnished,2,,PropertyIf,910,5,"18,000",Bachelors
flats,navi-mumbai,3,Name,Semi-Furnished,2,,PropertyA,950,8,"39,000",Bachelors
flats,navi-mumbai,2,Name,Semi-Furnished,2,,,950,3,"50,000",Bachelors
flats,navi-mumbai,2,Name,Unfurnished,2,1,Property,717,4,"50,000",Bachelors
flats,navi-mumbai,2,Name,Semi-Furnished,2,,,750,,"17,000",Bachelors
flats,navi-mumbai,1,Name,Semi-Furnished,1,3,,630,1,"15,000",Bachelors
flats,navi-mumbai,1,Name,Unfurnished,1,,,320,9,"6,500",Bachelors
flats,navi-mumbai,2,,Furnished,2,3,PropertyBest,1150,27,"30,000",Bachelors
flats,navi-mumbai,2,Name,Furnished,2,1,,980,1,"25,000",Bachelors
flats,navi-mumbai,1,,Unfurnished,2,1,PropertyMultistorey,475,,"16,000",Bachelors
flats,navi-mumbai,1,,Semi-Furnished,1,1,,360,5,"12,000",Bachelors
flats,navi-mumbai,2,,Semi-Furnished,2,3,PropertyMultistorey,900,1,"33,000",Family
flats,navi-mumbai,1,,Semi-Furnished,2,,,510,3,"27,000",Family
flats,navi-mumbai,2,,Semi-Furnished,2,2,,600,9,"35,000",Bachelors
flats,navi-mumbai,,,Unfurnished,1,,,280,,"6,000",Bachelors
flats,navi-mumbai,4,,Furnished,4,1,PropertyFind,1550,11,"50,000",Bachelors
flats,navi-mumbai,2,,Semi-Furnished,2,12,,611,6,"15,000",Bachelors
flats,navi-mumbai,1,Name,Furnished,1,1,,350,1,"22,000",Bachelors
flats,navi-mumbai,2,,Unfurnished,2,,,910,1,"10,500",Bachelors
flats,navi-mumbai,1,Name,Unfurnished,1,,,169,6,"5,000",Bachelors
flats,navi-mumbai,1,,Unfurnished,1,,,450,1,"30,000",Bachelors
independent-house,navi-mumbai,2,,Semi-Furnished,2,,,600,1,"16,000",Bachelors
independent-house,navi-mumbai,3,,Unfurnished,2,,,1300,,"36,000",Bachelors
independent-house,navi-mumbai,2,,Unfurnished,2,1,,750,,"11,000",Bachelors
independent-house,navi-mumbai,1,,Unfurnished,2,1,,660,2,"36,500",Bachelors
independent-house,navi-mumbai,3,,Unfurnished,2,1,,1500,,"50,000",Family
independent-house,navi-mumbai,2,,Semi-Furnished,1,110,,675,2,"10,000",Bachelors
independent-house,navi-mumbai,3,,Unfurnished,3,1,PropertyYou,1250,1,"40,000",Bachelors
independent-house,navi-mumbai,1,,Furnished,1,,,300,1,"8,500",Bachelors
independent-house,navi-mumbai,1,,Unfurnished,1,2,,400,,"16,000",Bachelors
independent-house,navi-mumbai,3,,Unfurnished,2,1,,1200,1,"32,000",Bachelors
independent-house,navi-mumbai,1,,Unfurnished,1,1,PropertyOpen,300,,"13,000",Bachelors
independent-house,navi-mumbai,3,,Unfurnished,2,2,,1000,1,"55,000",Bachelors
independent-house,navi-mumbai,1,,Furnished,1,,,610,4,"20,000",Bachelors
independent-house,navi-mumbai,1,,Unfurnished,1,1,,500,1,"15,000",Bachelors
independent-house,navi-mumbai,3,,Semi-Furnished,4,4,,2800,,"35,000",Bachelors
independent-house,navi-mumbai,1,,Unfurnished,1,,,,1,"10,000",Bachelors
independent-house,navi-mumbai,2,,Unfurnished,2,,,450,,"16,000",Bachelors
independent-house,navi-mumbai,2,,Semi-Furnished,2,3,PropertyThis,700,,"60,000",Bachelors
independent-house,navi-mumbai,2,,Furnished,2,3,PropertyCheck,965,2,"38,000",Family
independent-house,navi-mumbai,1,,Semi-Furnished,1,,,180,1,"8,000",Bachelors
independent-house,navi-mumbai,1,,Furnished,1,,,350,,"6,000",Bachelors
independent-house,navi-mumbai,2,,Unfurnished,2,1,,800,1,"16,000",Bachelors
independent-house,navi-mumbai,1,,Unfurnished,1,,PropertyNear,500,,"11,000",Bachelors
independent-house,navi-mumbai,1,,Semi-Furnished,1,,,350,,"12,000",Bachelors
independent-house,navi-mumbai,2,,Semi-Furnished,2,2,,750,,"48,000",Bachelors
independent-house,navi-mumbai,2,,Furnished,2,3,Propertyfully,800,,"54,000",Bachelors
independent-house,navi-mumbai,5,,Furnished,5,5,PropertyNear,1800,,1,Bachelors
independent-house,navi-mumbai,3,,Semi-Furnished,3,1,,1700,,"62,000",Bachelors
independent-house,navi-mumbai,5,,Semi-Furnished,5,4,Property,2000,,1,Bachelors
independent-house,navi-mumbai,4,,Semi-Furnished,3,1,PropertyA,1500,,"75,000",Bachelors
villa,navi-mumbai,2,,Unfurnished,2,1,,750,,"11,000",Bachelors
villa,navi-mumbai,3,,Semi-Furnished,4,4,,2800,,"35,000",Bachelors
villa,navi-mumbai,2,,Unfurnished,2,,,450,,"16,000",Bachelors
villa,navi-mumbai,2,,Semi-Furnished,2,2,,750,,"48,000",Bachelors
villa,navi-mumbai,5,,Furnished,5,5,PropertyNear,1800,,1,Bachelors
villa,navi-mumbai,3,,Semi-Furnished,3,1,,1700,,"62,000",Bachelors
villa,navi-mumbai,5,,Semi-Furnished,5,4,Property,2000,,1,Bachelors
villa,navi-mumbai,3,,Furnished,3,,,1600,,"65,000",Bachelors
villa,navi-mumbai,5,,Semi-Furnished,5,5,,,,1,Bachelors
villa,navi-mumbai,3,,Semi-Furnished,3,,,,,"45,000",Bachelors
villa,navi-mumbai,1,,Furnished,2,,,600,,"6,000",Bachelors
villa,navi-mumbai,3,,Unfurnished,3,,,1200,,"90,000",Bachelors
villa,navi-mumbai,3,,Unfurnished,3,1,PropertyVilla,1650,,"63,000",Bachelors
villa,navi-mumbai,3,,Furnished,4,,,2000,,"75,000",Bachelors
villa,navi-mumbai,5,,Semi-Furnished,5,5,PropertyNear,2000,,1,Bachelors
villa,navi-mumbai,4,,Semi-Furnished,4,4,Property,2200,,"75,000",Bachelors
villa,navi-mumbai,5,,,,,,,,,Bachelors
villa,navi-mumbai,4,,Unfurnished,4,,,1500,,"55,000",Bachelors
villa,navi-mumbai,5,,Unfurnished,5,2,Property,2200,,1,Bachelors
villa,navi-mumbai,5,,Unfurnished,4,1,Propertyits,2500,,1,Bachelors
villa,navi-mumbai,3,,Semi-Furnished,3,,,1650,,"63,000",Bachelors
flats,new-delhi,3,,Furnished,3,2,PropertyView,1000,3,"19,500",Bachelors
flats,new-delhi,3,Name,Furnished,3,,,1100,,1,Bachelors
flats,new-delhi,3,Name,Semi-Furnished,2,1,,1200,3,"16,000",Bachelors
flats,new-delhi,2,,Semi-Furnished,2,1,Propertyspacious,,3,"20,000",Bachelors
flats,new-delhi,3,Name,Semi-Furnished,2,2,,,2,"35,000",Bachelors
flats,new-delhi,2,,Furnished,2,1,,,2,"22,000",Bachelors
flats,new-delhi,3,,Furnished,1,,,,,"25,000",Bachelors
flats,new-delhi,2,,Unfurnished,1,,,550,3,"8,000",Bachelors
flats,new-delhi,2,,Semi-Furnished,2,1,Property,800,5,"18,999",Family
flats,new-delhi,3,,Semi-Furnished,3,,,1150,1,"75,000",Bachelors
flats,new-delhi,4,Name,Furnished,3,2,,300,2,"15,000",Bachelors
flats,new-delhi,3,,Furnished,2,3,,1400,4,"55,000",Bachelors
flats,new-delhi,1,,Furnished,1,1,Propertyfully,370,8,"18,000",Bachelors
flats,new-delhi,3,,Semi-Furnished,4,1,,2200,2,1,Family
flats,new-delhi,3,,Furnished,3,2,,1750,1,1,Bachelors
flats,new-delhi,4,,Unfurnished,5,3,,5400,1,"65,000",Bachelors
flats,new-delhi,2,,Furnished,2,1,PropertyOpposite,750,1,"27,000",Bachelors
flats,new-delhi,,,Furnished,1,,,500,4,"22,000",Bachelors
flats,new-delhi,3,,Unfurnished,2,,PropertyView,1350,,"39,000",Family
flats,new-delhi,2,Name,Semi-Furnished,2,2,PropertyView,900,1,"36,000",Bachelors
flats,new-delhi,3,,Semi-Furnished,2,13,,900,2,"32,000",Bachelors
flats,new-delhi,1,,Furnished,2,1,PropertyOpposite,450,1,"16,500",Bachelors
flats,new-delhi,4,,Semi-Furnished,3,3,PropertyBuilder,,2,"39,500",Bachelors
flats,new-delhi,1,Name,Furnished,1,1,,220,1,"16,500",Bachelors
flats,new-delhi,3,,Furnished,3,2,,1800,,"90,000",Bachelors
flats,new-delhi,1,,Furnished,1,,Property,350,2,"18,000",Bachelors
flats,new-delhi,2,,Semi-Furnished,1,1,PropertyBuilder,700,2,"13,500",Bachelors
flats,new-delhi,1,Name,Furnished,1,1,,,3,"15,000",Bachelors
flats,new-delhi,3,,Furnished,3,1,Property,,1,"55,000",Bachelors
flats,new-delhi,2,Name,Furnished,1,,Property,800,3,"13,000",Bachelors
independent-house,new-delhi,2,,Unfurnished,1,1,,540,1,"10,000",Bachelors
independent-house,new-delhi,1,,Unfurnished,2,1,,200,3,"4,800",Bachelors
independent-house,new-delhi,2,,Unfurnished,1,2,Property,550,2,"15,000",Bachelors
independent-house,new-delhi,3,,Semi-Furnished,2,2,,,2,"25,000",Bachelors
independent-house,new-delhi,4,,Semi-Furnished,3,1,,2400,,"45,000",Bachelors
independent-house,new-delhi,1,,Furnished,1,1,,50,,"13,000",Bachelors
independent-house,new-delhi,2,,Unfurnished,1,2,Property,550,2,"15,000",Bachelors
independent-house,new-delhi,1,,Unfurnished,1,,,,2,"4,000",Bachelors
independent-house,new-delhi,2,,Unfurnished,1,,,900,1,"20,000",Family
independent-house,new-delhi,1,,Furnished,1,1,,286,,"12,000",Bachelors
independent-house,new-delhi,1,,Furnished,2,1,,1200,,"70,000",Bachelors
independent-house,new-delhi,5,,Unfurnished,5,1,,1500,3,"65,000",Bachelors
independent-house,new-delhi,3,,Semi-Furnished,2,,,1000,3,"40,000",Bachelors
independent-house,new-delhi,1,,Furnished,1,,,250,1,"13,000",Bachelors
independent-house,new-delhi,3,,Semi-Furnished,2,2,,2400,1,2,Bachelors
independent-house,new-delhi,1,,Furnished,1,,,500,1,"15,000",Bachelors
independent-house,new-delhi,1,,Unfurnished,1,1,Property,800,2,"6,000",Bachelors
independent-house,new-delhi,2,,Semi-Furnished,1,2,,850,1,"25,000",Bachelors
independent-house,new-delhi,1,,Unfurnished,1,,,120,,"5,000",Bachelors
independent-house,new-delhi,2,,Semi-Furnished,2,1,PropertyNear,750,1,"9,000",Bachelors
independent-house,new-delhi,1,,Unfurnished,1,2,,150,2,"2,300",Bachelors
independent-house,new-delhi,1,,Semi-Furnished,1,,,350,1,"8,500",Bachelors
independent-house,new-delhi,2,,Semi-Furnished,2,3,,1400,,"55,000",Bachelors
independent-house,new-delhi,3,,Semi-Furnished,1,,,1000,,"14,000",Bachelors
independent-house,new-delhi,2,,Furnished,2,1,,625,,"7,000",Bachelors
independent-house,new-delhi,1,,Semi-Furnished,1,11,,288,,"9,000",Bachelors
independent-house,new-delhi,1,,Furnished,1,1,,225,2,"11,000",Bachelors
independent-house,new-delhi,1,,Unfurnished,1,1,,50,,"15,000",Bachelors
independent-house,new-delhi,2,,Semi-Furnished,2,,,900,2,"27,000",Bachelors
independent-house,new-delhi,1,,Semi-Furnished,1,1,,450,1,"9,500",Bachelors
villa,new-delhi,2,,Furnished,2,1,,625,,"7,000",Bachelors
villa,new-delhi,5,,Semi-Furnished,5,2,Property,3855,,15,Bachelors
villa,new-delhi,,,,,,,,,"7,000",Bachelors
villa,new-delhi,3,,Furnished,2,,,600,,"14,000",Bachelors
villa,new-delhi,3,,Semi-Furnished,2,4,,1400,,"32,000",Family
villa,new-delhi,2,,Unfurnished,1,1,,450,,"7,000",Bachelors
villa,new-delhi,5,,Semi-Furnished,2,,,2000,,"60,000",Bachelors
villa,new-delhi,1,,Furnished,1,,,1500,,"12,000",Bachelors
villa,new-delhi,5,,Semi-Furnished,5,4,,15000,,9,Bachelors
villa,new-delhi,5,,Semi-Furnished,5,4,PropertyIts,4000,,1,Bachelors
villa,new-delhi,3,,Unfurnished,3,2,,4000,,4,Bachelors
villa,new-delhi,8,,Unfurnished,8,4,,13000,,9,Bachelors
villa,new-delhi,5,,Semi-Furnished,6,3,,4000,,7,Bachelors
villa,new-delhi,5,,Unfurnished,5,3,PropertyOpposite,5200,,5,Bachelors
villa,new-delhi,5,,Semi-Furnished,4,3,Propertythis,9500,,1,Bachelors
villa,new-delhi,8,,Semi-Furnished,8,5,,7803,,8,Family
villa,new-delhi,8,,Semi-Furnished,9,7,wide,,,13,Bachelors
villa,new-delhi,5,,Semi-Furnished,6,4,Propertyindependent,4500,,3,Bachelors
villa,new-delhi,5,,Semi-Furnished,6,5,,7000,,5,Bachelors
villa,new-delhi,5,,Furnished,5,3,,4000,,6,Bachelors
villa,new-delhi,4,,Semi-Furnished,4,23,,,,3,Family
villa,new-delhi,3,,Furnished,4,34,,,,1,Bachelors
villa,new-delhi,10,,Unfurnished,,,,,,13,Bachelors
villa,new-delhi,6,,Unfurnished,7,4,,5000,,3,Bachelors
villa,new-delhi,20085,,Semi-Furnished,4,4,,4500,,4,Bachelors
villa,new-delhi,5,,Unfurnished,5,3,location,5000,,7,Bachelors
villa,new-delhi,5,,Furnished,4,3,,,,1,Bachelors
villa,new-delhi,4,,Unfurnished,4,4,,3500,,2,Bachelors
villa,new-delhi,5,,Furnished,4,35,,1700,,"90,000",Family
villa,new-delhi,7,,Semi-Furnished,7,2,,11880,,7,Bachelors
flats,noida,3,,Semi-Furnished,3,4,apartment,1850,20,"45,000",Family
flats,noida,,,Furnished,1,1,,400,9,"20,000",Bachelors
flats,noida,3,,Furnished,3,3,,1500,2,"45,000",Bachelors
flats,noida,,,Furnished,1,2,,450,2,"16,500",Bachelors
flats,noida,3,Name,Furnished,3,2,,1320,6,"37,500",Bachelors
flats,noida,1,Name,Unfurnished,1,,,225,1,"4,999",Bachelors
flats,noida,1,,Furnished,1,1,,425,4,"28,000",Bachelors
flats,noida,3,,Furnished,2,4,,1360,17,"42,000",Bachelors
flats,noida,1,,Furnished,1,1,PropertyMultistorey,750,3,"10,000",Bachelors
flats,noida,3,,Semi-Furnished,2,2,,1390,3,"30,000",Bachelors
flats,noida,2,,Semi-Furnished,2,3,,1100,16,"26,000",Bachelors
flats,noida,3,Name,Unfurnished,3,1,PropertyNewly,850,3,"25,000",Bachelors
flats,noida,3,,Furnished,2,2,,1100,8,"45,000",Bachelors
flats,noida,2,,Semi-Furnished,2,3,,997,13,"18,000",Bachelors
flats,noida,4,,Semi-Furnished,4,,,2200,5,"52,000",Bachelors
flats,noida,3,,Semi-Furnished,3,2,,1550,11,"40,000",Bachelors
flats,noida,1,,Furnished,1,1,PropertyMultistorey,800,4,"10,000",Bachelors
flats,noida,1,,Furnished,1,1,Propertyit,500,10,"21,000",Bachelors
flats,noida,2,,Furnished,2,2,,700,11,"35,000",Bachelors
flats,noida,3,,Semi-Furnished,3,2,PropertyThis,2000,15,"40,000",Bachelors
flats,noida,4,,Semi-Furnished,3,,,2500,3,"72,000",Bachelors
flats,noida,2,,Furnished,2,2,Propertynearby,990,,"20,000",Bachelors
flats,noida,3,,Semi-Furnished,4,4,PropertyMultistorey,1575,16,"28,000",Bachelors
flats,noida,3,,Semi-Furnished,4,43,,3550,24,"80,000",Bachelors
flats,noida,4,,Furnished,4,4,PropertyMultistorey,2435,3,"65,000",Bachelors
flats,noida,3,,Semi-Furnished,3,1,,1550,6,"30,000",Bachelors
flats,noida,2,,Semi-Furnished,2,2,,980,8,"10,000",Bachelors
flats,noida,4,,Furnished,4,5,,1350,7,"32,000",Family
flats,noida,1,,Furnished,1,,,200,20,"12,000",Bachelors
flats,noida,3,,Semi-Furnished,3,1,,2800,1,"65,000",Bachelors
independent-house,noida,4,,Furnished,2,,,1400,1,"5,000",Bachelors
independent-house,noida,2,,Semi-Furnished,2,1,,,,"27,000",Family
independent-house,noida,2,,Unfurnished,2,1,Property,900,,"36,000",Bachelors
independent-house,noida,4,,Unfurnished,4,3,,3000,,1,Bachelors
independent-house,noida,3,,Semi-Furnished,2,3,PropertyCheck,1225,11,"22,000",Bachelors
independent-house,noida,5,,Furnished,5,,,,,"52,000",Bachelors
independent-house,noida,3,,Unfurnished,3,1,west,2000,,"45,000",Bachelors
independent-house,noida,1,,Unfurnished,1,1,,350,1,"15,000",Bachelors
independent-house,noida,3,,Furnished,2,,Property,1900,,"40,000",Bachelors
independent-house,noida,2,,Unfurnished,2,2,,1000,,"10,000",Bachelors
independent-house,noida,1,,Furnished,1,,,170,1,"11,000",Bachelors
independent-house,noida,2,,Semi-Furnished,2,,,1500,,"28,000",Bachelors
independent-house,noida,1,,Furnished,1,,,400,,"15,000",Bachelors
independent-house,noida,1,,Furnished,1,,,2000,,"6,000",Bachelors
independent-house,noida,1,,Unfurnished,1,1,Propertyfully,350,2,"9,500",Bachelors
independent-house,noida,2,,Unfurnished,1,,,1200,,"24,000",Bachelors
independent-house,noida,5,,Semi-Furnished,5,,,3000,,"85,000",Bachelors
independent-house,noida,5,,Furnished,5,,Propertynoida,,,"15,000",Bachelors
independent-house,noida,1,,Unfurnished,2,,,150,4,"8,500",Bachelors
independent-house,noida,1,,Unfurnished,,,,500,1,"17,000",Bachelors
independent-house,noida,4,,Furnished,4,4,Property,375,,"6,000",Bachelors
independent-house,noida,1,,Furnished,1,,,200,1,"9,000",Bachelors
independent-house,noida,3,,Semi-Furnished,3,3,,2000,,"36,000",Family
independent-house,noida,1,,Furnished,1,1,PropertyThe,180,,"8,000",Bachelors
independent-house,noida,3,,Semi-Furnished,3,2,,1300,2,"25,000",Bachelors
independent-house,noida,2,,Furnished,3,1,,,1,"33,000",Bachelors
independent-house,noida,1,,Furnished,1,1,PropertyThis,200,1,"16,000",Bachelors
independent-house,noida,3,,Semi-Furnished,4,,,1600,3,"49,000",Bachelors
independent-house,noida,1,,Unfurnished,1,,,600,1,"17,500",Bachelors
independent-house,noida,5,,Furnished,7,4,,8000,,1,Bachelors
villa,noida,4,,Unfurnished,4,3,,3000,,1,Bachelors
villa,noida,3,,Unfurnished,3,1,west,2000,,"45,000",Bachelors
villa,noida,2,,Semi-Furnished,2,,,1500,,"28,000",Bachelors
villa,noida,5,,Semi-Furnished,5,,,3000,,"85,000",Bachelors
villa,noida,4,,Furnished,4,4,Property,375,,"6,000",Bachelors
villa,noida,5,,Furnished,7,4,,8000,,1,Bachelors
villa,noida,3,,Furnished,2,,,1375,,"22,000",Bachelors
villa,noida,3,,Unfurnished,2,1,,1800,,"39,000",Bachelors
villa,noida,3,,Semi-Furnished,3,2,,260,,"27,000",Bachelors
villa,noida,2,,Unfurnished,2,1,,1250,,"23,000",Bachelors
villa,noida,7,,Semi-Furnished,7,3,,5000,,5,Bachelors
villa,noida,6,,Unfurnished,5,5,,10000,,4,Bachelors
villa,noida,4,,Semi-Furnished,4,2,,2800,,"40,000",Bachelors
villa,noida,6,,Semi-Furnished,5,2,Property,4800,,1,Bachelors
villa,noida,1,,Semi-Furnished,1,1,,450,,"6,000",Bachelors
villa,noida,10,,Semi-Furnished,,6,,11520,,3,Bachelors
villa,noida,2,,Unfurnished,1,1,,450,,"17,500",Bachelors
villa,noida,1,,Semi-Furnished,1,1,PropertyA,250,,"6,000",Bachelors
villa,noida,2,,Semi-Furnished,2,,Villa,2000,,"35,000",Bachelors
villa,noida,3,,Semi-Furnished,3,2,villa,2200,,"40,000",Bachelors
villa,noida,3,,Semi-Furnished,2,3,,1400,,"20,100",Bachelors
villa,noida,2,,Unfurnished,2,22,,1200,,"36,000",Bachelors
villa,noida,3,,Furnished,3,2,,2088,,"70,000",Bachelors
villa,noida,3,,Semi-Furnished,3,33,,3000,,"50,000",Bachelors
villa,noida,7,,Semi-Furnished,6,4,,,,1,Bachelors
villa,noida,5,,Semi-Furnished,5,4,,2950,,"55,000",Bachelors
villa,noida,20185,,Semi-Furnished,5,3,,5000,,1,Bachelors
villa,noida,3,,Semi-Furnished,3,3,,3000,,"55,000",Bachelors
villa,noida,4,,Semi-Furnished,4,3,,3650,,"75,000",Bachelors
villa,noida,3,,Unfurnished,4,3,,2500,,1,Bachelors
flats,pune,2,,Semi-Furnished,2,1,,870,9,"43,000",Bachelors
flats,pune,1,,Semi-Furnished,1,,,600,12,"12,000",Bachelors
flats,pune,1,Name,Unfurnished,1,1,PropertyA,850,4,"10,000",Bachelors
flats,pune,3,Name,Furnished,2,1,PropertyIf,1250,5,"48,000",Bachelors
flats,pune,2,,Unfurnished,2,,,750,9,"17,000",Family
flats,pune,3,Name,Furnished,3,2,,1500,2,"6,500",Bachelors
flats,pune,1,Name,Furnished,1,,,650,1,"10,000",Bachelors
flats,pune,2,Name,Unfurnished,2,1,PropertyAvailable,533,4,"15,500",Bachelors
flats,pune,3,,Unfurnished,2,2,PropertyMultistorey,1100,12,"17,000",Bachelors
flats,pune,1,,Furnished,1,2,Propertyconnectivity,520,1,"28,000",Bachelors
flats,pune,1,,Furnished,1,,,600,4,"14,500",Bachelors
flats,pune,2,,Furnished,2,22,,560,4,"28,000",Bachelors
flats,pune,2,,Furnished,2,2,,850,5,"35,000",Bachelors
flats,pune,2,,Furnished,2,1,,970,3,"15,000",Bachelors
flats,pune,3,,Unfurnished,3,,,1100,2,"55,000",Bachelors
flats,pune,2,,Unfurnished,2,1,,800,5,"20,000",Bachelors
flats,pune,1,,Unfurnished,1,2,PropertyNear,438,2,"21,000",Bachelors
flats,pune,2,,Unfurnished,2,2,PropertyA,760,3,"25,000",Bachelors
flats,pune,1,Name,Semi-Furnished,1,1,,500,2,"15,000",Bachelors
flats,pune,2,,Unfurnished,2,1,PropertyIts,516,12,"17,000",Bachelors
flats,pune,2,Name,Semi-Furnished,2,1,PropertyNear,580,11,"30,000",Bachelors
flats,pune,1,,Semi-Furnished,1,1,,450,22,"20,000",Bachelors
flats,pune,2,,Furnished,2,2,PropertyGrab,857,6,"37,000",Bachelors
flats,pune,2,,Semi-Furnished,2,1,,780,5,"29,000",Bachelors
flats,pune,2,,Semi-Furnished,3,3,,1100,7,"35,000",Bachelors
flats,pune,1,,Semi-Furnished,1,1,PropertyIts,436,2,"20,000",Bachelors
flats,pune,3,,Semi-Furnished,2,2,Property,1200,5,"55,000",Bachelors
flats,pune,2,Name,Semi-Furnished,2,1,,600,1,"10,000",Bachelors
flats,pune,1,Name,Unfurnished,1,1,,490,2,"17,000",Bachelors
flats,pune,3,,Semi-Furnished,3,2,,750,2,"64,000",Bachelors
independent-house,pune,1,,Unfurnished,1,,,600,,"9,000",Bachelors
independent-house,pune,2,,Unfurnished,1,,,800,2,"10,500",Bachelors
independent-house,pune,1,,Semi-Furnished,1,,,300,,"6,000",Bachelors
independent-house,pune,2,,Furnished,2,3,PropertyThis,760,,"21,000",Bachelors
independent-house,pune,1,,Unfurnished,1,1,PropertyA,375,,"6,000",Bachelors
independent-house,pune,1,,Unfurnished,1,1,,300,,"8,500",Bachelors
independent-house,pune,4,,Unfurnished,5,6,,3777,1,"50,000",Bachelors
independent-house,pune,1,,Unfurnished,1,,,750,,"6,500",Bachelors
independent-house,pune,2,,Unfurnished,2,,,1100,,"17,000",Bachelors
independent-house,pune,1,,Semi-Furnished,1,,,250,2,"7,000",Bachelors
independent-house,pune,1,,Unfurnished,1,,,500,3,"8,000",Bachelors
independent-house,pune,1,,Unfurnished,1,,,500,3,"8,000",Bachelors
independent-house,pune,4,,Unfurnished,4,2,PropertyDiscover,1000,,"16,000",Bachelors
independent-house,pune,3,,Semi-Furnished,3,2,Propertyiis,1500,,"45,000",Bachelors
independent-house,pune,1,,Semi-Furnished,1,1,,1000,,"5,000",Bachelors
independent-house,pune,1,,Furnished,1,,,650,3,"20,000",Bachelors
independent-house,pune,1,,Semi-Furnished,1,,,600,,"10,500",Bachelors
independent-house,pune,2,,Unfurnished,2,,PropertyA,950,1,"20,000",Bachelors
independent-house,pune,1,,Unfurnished,1,1,PropertyThis,650,1,"12,000",Bachelors
independent-house,pune,4,,Furnished,5,,,4287,,3,Bachelors
independent-house,pune,1,,Unfurnished,2,1,PropertyThe,500,2,"15,000",Bachelors
independent-house,pune,1,,Unfurnished,1,,,250,1,"6,000",Bachelors
independent-house,pune,1,,Semi-Furnished,1,,,519,1,"5,000",Bachelors
independent-house,pune,2,,Furnished,2,1,,1400,,"22,000",Family
independent-house,pune,1,,Unfurnished,1,,,750,3,"13,500",Bachelors
independent-house,pune,2,,Semi-Furnished,2,2,,736,,"30,000",Bachelors
independent-house,pune,2,,Semi-Furnished,1,,Property,800,,"12,000",Bachelors
independent-house,pune,2,,Semi-Furnished,2,1,Property,1102,11,"23,000",Family
independent-house,pune,2,,Semi-Furnished,1,,,750,,"15,000",Bachelors
independent-house,pune,1,,Unfurnished,1,,,500,,"12,500",Bachelors
villa,pune,1,,Semi-Furnished,1,,,300,,"6,000",Bachelors
villa,pune,1,,Unfurnished,1,1,PropertyA,375,,"6,000",Bachelors
villa,pune,2,,Unfurnished,2,,,1100,,"17,000",Bachelors
villa,pune,4,,Unfurnished,4,2,PropertyDiscover,1000,,"16,000",Bachelors
villa,pune,4,,Furnished,5,,,4287,,3,Bachelors
villa,pune,2,,Semi-Furnished,1,,,750,,"15,000",Bachelors
villa,pune,4,,Semi-Furnished,4,,,3500,,2,Family
villa,pune,3,,Semi-Furnished,4,,,1800,,"7,500",Bachelors
villa,pune,1,,Unfurnished,1,1,PropertyVilla,650,,"15,000",Bachelors
villa,pune,2,,Semi-Furnished,2,,,1400,,"27,000",Bachelors
villa,pune,4,,Furnished,4,1,PropertyExperience,1540,,"65,000",Bachelors
villa,pune,3,,Furnished,3,3,,2300,,"40,000",Bachelors
villa,pune,4,,Furnished,4,1,PropertyVilla,2200,,"60,000",Bachelors
villa,pune,5,,Semi-Furnished,5,3,,9500,,4,Bachelors
villa,pune,4,,Unfurnished,5,1,,2500,,"50,000",Bachelors
villa,pune,4,,Semi-Furnished,4,1,,2500,,"24,300",Bachelors
villa,pune,2,,Semi-Furnished,4,,,1200,,"20,000",Bachelors
villa,pune,5,,Unfurnished,5,,,2000,,1,Bachelors
villa,pune,2,,Unfurnished,2,1,,900,,"16,000",Bachelors
villa,pune,3,,Unfurnished,3,2,,1800,,"55,000",Bachelors
villa,pune,2,,Unfurnished,2,,,750,,"18,000",Bachelors
villa,pune,3,,Unfurnished,2,1,,1030,,"12,000",Bachelors
villa,pune,1,,Unfurnished,2,2,,850,,"8,500",Bachelors
villa,pune,3,,Unfurnished,3,1,Property,2600,,"30,000",Bachelors
villa,pune,3,,Unfurnished,3,2,PropertyVilla,1750,,"63,000",Bachelors
villa,pune,3,,Furnished,3,1,PropertyA,1200,,"35,000",Bachelors
villa,pune,2,,Unfurnished,3,,,1450,,"18,000",Bachelors
villa,pune,1,,Unfurnished,2,1,Property,850,,"9,000",Bachelors
villa,pune,3,,Unfurnished,3,1,PropertyOpposite,1300,,"23,000",Bachelors
villa,pune,1,,Unfurnished,2,,,700,,"12,000",Family
flats,thane,2,Name,Semi-Furnished,2,3,,550,6,"25,000",Bachelors
flats,thane,2,,Semi-Furnished,2,1,PropertyMultistorey,787,5,"36,000",Bachelors
flats,thane,1,,Unfurnished,2,,,440,10,"9,000",Bachelors
flats,thane,2,,Unfurnished,2,,PropertyYou,1142,6,"11,000",Family
flats,thane,2,Name,Unfurnished,2,3,,725,12,"12,000",Bachelors
flats,thane,1,Name,Unfurnished,1,,,450,1,"20,000",Bachelors
flats,thane,2,Name,Furnished,2,,PropertyA,607,7,"22,000",Bachelors
flats,thane,1,,Unfurnished,2,2,PropertyIf,485,10,"10,000",Bachelors
flats,thane,3,,Semi-Furnished,3,,,1000,3,"60,000",Bachelors
flats,thane,1,Thane,Semi-Furnished,2,,PropertyBright,590,3,"20,000",Bachelors
flats,thane,2,,Furnished,2,1,PropertyNear,688,27,"29,000",Bachelors
flats,thane,1,,Furnished,2,1,PropertyYou,635,10,"23,500",Bachelors
flats,thane,3,Name,Unfurnished,3,1,PropertyMultistorey,1000,14,"35,000",Bachelors
flats,thane,3,,Unfurnished,3,4,PropertyA,1000,10,"49,000",Bachelors
flats,thane,2,Name,Unfurnished,2,3,PropertyNear,750,4,"10,000",Bachelors
flats,thane,2,Name,Unfurnished,2,2,PropertyNear,700,2,"28,000",Bachelors
flats,thane,1,,Unfurnished,2,3,PropertyD-Mart,625,2,"15,500",Bachelors
flats,thane,1,,Unfurnished,1,,,500,1,"10,000",Bachelors
flats,thane,2,Name,Furnished,2,,,900,3,"40,000",Bachelors
flats,thane,2,,Unfurnished,2,22,,1030,4,"32,000",Bachelors
flats,thane,1,Name,Furnished,1,,,560,4,"22,000",Bachelors
flats,thane,1,,Semi-Furnished,1,1,,485,,"13,800",Bachelors
flats,thane,3,,Furnished,3,3,PropertySuperbly,980,17,"55,000",Bachelors
flats,thane,2,Name,Furnished,2,1,,654,1,"37,000",Bachelors
flats,thane,1,,Furnished,2,,Propertyprime,580,,"30,000",Bachelors
flats,thane,1,,Semi-Furnished,1,31,,505,7,"13,000",Bachelors
flats,thane,3,Name,Unfurnished,3,4,,1370,9,"41,500",Bachelors
flats,thane,2,Name,Furnished,2,,PropertyThere,850,8,"35,000",Bachelors
flats,thane,1,,Semi-Furnished,1,,,385,4,"19,500",Bachelors
flats,thane,2,,Semi-Furnished,2,2,PropertyHigher,750,15,"47,000",Bachelors
independent-house,thane,2,,Unfurnished,1,,,550,,"6,999",Bachelors
independent-house,thane,1,,Unfurnished,1,2,,425,3,"5,000",Bachelors
independent-house,thane,1,,Unfurnished,1,,PropertyLocated,330,2,"5,500",Bachelors
independent-house,thane,1,,Unfurnished,1,3,PropertyNear,520,4,"5,000",Bachelors
independent-house,thane,3,,Semi-Furnished,4,4,PropertyA,1000,,"14,000",Bachelors
independent-house,thane,3,,Semi-Furnished,3,1,,900,,"26,000",Bachelors
independent-house,thane,2,,Unfurnished,3,2,,750,,"25,000",Bachelors
independent-house,thane,3,,Unfurnished,2,,,1175,1,"25,000",Bachelors
independent-house,thane,2,,Unfurnished,2,,,650,,"20,000",Bachelors
independent-house,thane,2,,Unfurnished,2,2,PropertyYou,700,,"4,500",Bachelors
independent-house,thane,1,,Unfurnished,1,,,350,,"5,000",Bachelors
independent-house,thane,2,,Semi-Furnished,2,,,450,1,"7,000",Bachelors
independent-house,thane,5,,Semi-Furnished,5,4,,3000,,1,Bachelors
independent-house,thane,3,,Furnished,2,2,,950,2,"30,000",Family
independent-house,thane,4,,Furnished,3,,,1400,,"50,000",Bachelors
independent-house,thane,2,,Semi-Furnished,2,1,,700,1,"15,500",Bachelors
independent-house,thane,3,,Semi-Furnished,4,,PropertyHouse,1000,,"10,000",Bachelors
independent-house,thane,2,,Furnished,2,,,789,5,"45,000",Bachelors
independent-house,thane,2,,Furnished,2,1,PropertyThe,1150,,"60,000",Bachelors
independent-house,thane,20104,,Semi-Furnished,3,3,PropertyNeelkanth,1700,,"20,000",Bachelors
independent-house,thane,4,,Furnished,5,,,1500,,1,Family
independent-house,thane,1,,Semi-Furnished,1,,,458,4,"18,500",Bachelors
independent-house,thane,1,,Unfurnished,1,,,500,1,"8,000",Bachelors
independent-house,thane,1,,Unfurnished,1,1,PropertyCheck,700,,"8,000",Bachelors
independent-house,thane,1,,Semi-Furnished,1,,,500,1,"24,000",Bachelors
independent-house,thane,1,,Unfurnished,1,,,430,1,"12,000",Bachelors
independent-house,thane,2,,Semi-Furnished,2,1,,600,,"6,000",Bachelors
independent-house,thane,2,,Unfurnished,2,1,,900,,"10,000",Bachelors
independent-house,thane,1,,Unfurnished,1,,,275,1,"13,000",Bachelors
independent-house,thane,1,,Unfurnished,1,,,15,1,"5,000",Bachelors
villa,thane,3,,Semi-Furnished,3,1,,900,,"26,000",Bachelors
villa,thane,2,,Unfurnished,2,,,650,,"20,000",Bachelors
villa,thane,5,,Semi-Furnished,5,4,,3000,,1,Bachelors
villa,thane,3,,Semi-Furnished,4,,PropertyVilla,1000,,"10,000",Bachelors
villa,thane,20104,,Semi-Furnished,3,3,PropertyNeelkanth,1700,,"20,000",Bachelors
villa,thane,4,,Furnished,5,,,1500,,1,Family
villa,thane,1,,Unfurnished,1,,,250,,"3,500",Bachelors
villa,thane,4,,Semi-Furnished,4,,,1600,,"37,000",Bachelors
villa,thane,3,,Unfurnished,3,2,PropertyThe,2000,,"70,000",Bachelors
villa,thane,4,,Furnished,4,1,,2100,,1,Family
villa,thane,2,,Semi-Furnished,2,1,PropertyMultistorey,787,5,"36,000",
villa,thane,1,,Unfurnished,2,,,440,10,"9,000",
villa,thane,2,Name,Unfurnished,2,3,,725,12,"12,000",
villa,thane,1,Name,Unfurnished,1,,,450,1,"20,000",
villa,thane,2,Name,Furnished,2,,PropertyA,607,7,"22,000",
villa,thane,3,,Semi-Furnished,3,,,1000,3,"60,000",
villa,thane,1,ThaneFurnishingSemi,Semi-Furnished,2,,PropertyBright,590,3,"20,000",
villa,thane,2,,Furnished,2,1,PropertyNear,688,27,"29,000",
villa,thane,1,,Furnished,2,1,PropertyYou,635,10,"23,500",
villa,thane,3,Name,Unfurnished,3,1,PropertyMultistorey,1000,14,"35,000",
villa,thane,3,,Unfurnished,3,4,PropertyA,1000,10,"49,000",
villa,thane,2,Name,Unfurnished,2,3,PropertyNear,750,4,"10,000",
villa,thane,2,Name,Unfurnished,2,2,PropertyNear,700,2,"28,000",
villa,thane,2,Name,Furnished,2,,,900,3,"40,000",
villa,thane,2,,Unfurnished,2,22,,1030,4,"32,000",
villa,thane,1,Name,Furnished,1,,,560,4,"22,000",
villa,thane,1,,Semi-Furnished,1,1,,485,,"13,800",
villa,thane,3,,Furnished,3,3,PropertySuperbly,980,17,"55,000",
villa,thane,2,Name,Furnished,2,1,,654,1,"37,000",
villa,thane,1,,Furnished,2,,Propertyprime,580,,"30,000",
